2026-05-06 08:56:05,485 INFO Pipeline requested project_root=/Users/jonasodones/Desktop/src/my_scraper
2026-05-06 08:56:05,485 INFO Waiting for exclusive pipeline lock: /Users/jonasodones/Desktop/src/my_scraper/.pipeline.lock
2026-05-06 08:56:05,485 INFO Acquired exclusive pipeline lock
2026-05-06 08:56:05,485 INFO Starting synchronize: true
2026-05-06 08:56:05,490 INFO Finished synchronize exit_code=0 duration=0.00s
2026-05-06 08:56:05,490 INFO Cleaning stale output: /Users/jonasodones/Desktop/src/my_scraper/pcso_results.json
2026-05-06 08:56:05,490 INFO Deleting files inside analysis directory: /Users/jonasodones/Desktop/src/my_scraper/analysis_outputs
2026-05-06 08:56:05,491 INFO Starting scraper: /Users/jonasodones/Desktop/src/my_scraper/pcso_env/bin/python pcso_lottery_scraper.py
2026-05-06 08:56:08,104 INFO scraper | Connecting to PCSO as a browser (Stealth Mode)...
2026-05-06 08:56:08,104 INFO scraper | Wait for 2 seconds to mimic human reading time...
2026-05-06 08:56:08,104 INFO scraper | Submitting search request...
2026-05-06 08:56:08,104 INFO scraper | Success! 1098 results saved to /Users/jonasodones/Desktop/src/my_scraper/pcso_results.json
2026-05-06 08:56:08,124 INFO Finished scraper exit_code=0 duration=2.63s
2026-05-06 08:56:08,124 INFO Waiting for stable file: /Users/jonasodones/Desktop/src/my_scraper/pcso_results.json stability_seconds=5.0 timeout=600.0
2026-05-06 08:56:16,145 INFO File is stable: /Users/jonasodones/Desktop/src/my_scraper/pcso_results.json size=195224
2026-05-06 08:56:16,146 INFO Starting analysis-default: /Users/jonasodones/Desktop/src/my_scraper/pcso_env/bin/python /Users/jonasodones/Desktop/src/my_scraper/analyze_pcso_results.py
2026-05-06 08:56:17,135 INFO analysis-default | Analyzed 1098 total draws across 13 games.
2026-05-06 08:56:17,136 INFO analysis-default | Selected game: Ultra Lotto 6/58 (53 historical draws)
2026-05-06 08:56:17,136 INFO analysis-default | Most common odd/even pattern: 3 odd / 3 even (14 draws)
2026-05-06 08:56:17,136 INFO analysis-default | Historical sum range: 102 to 294; median 186.0
2026-05-06 08:56:17,136 INFO analysis-default | Monte Carlo target combination: 1-58-25-43-26-16
2026-05-06 08:56:17,136 INFO analysis-default | Theoretical exact-match probability: 0.000000024706 (about 1 in 40,475,358)
2026-05-06 08:56:17,136 INFO analysis-default | Simulation hits: 0 of 200,000
2026-05-06 08:56:17,136 INFO analysis-default | Suggested combinations saved: 39
2026-05-06 08:56:17,136 INFO analysis-default | Outputs saved to: /Users/jonasodones/Desktop/src/my_scraper/analysis_outputs
2026-05-06 08:56:17,198 INFO Finished analysis-default exit_code=0 duration=1.05s
2026-05-06 08:56:17,198 INFO Starting analysis-suggestions-5: /Users/jonasodones/Desktop/src/my_scraper/pcso_env/bin/python /Users/jonasodones/Desktop/src/my_scraper/analyze_pcso_results.py --suggestions-per-game 5
2026-05-06 08:56:17,937 INFO analysis-suggestions-5 | Analyzed 1098 total draws across 13 games.
2026-05-06 08:56:17,937 INFO analysis-suggestions-5 | Selected game: Ultra Lotto 6/58 (53 historical draws)
2026-05-06 08:56:17,937 INFO analysis-suggestions-5 | Most common odd/even pattern: 3 odd / 3 even (14 draws)
2026-05-06 08:56:17,938 INFO analysis-suggestions-5 | Historical sum range: 102 to 294; median 186.0
2026-05-06 08:56:17,938 INFO analysis-suggestions-5 | Monte Carlo target combination: 1-58-25-43-26-16
2026-05-06 08:56:17,938 INFO analysis-suggestions-5 | Theoretical exact-match probability: 0.000000024706 (about 1 in 40,475,358)
2026-05-06 08:56:17,938 INFO analysis-suggestions-5 | Simulation hits: 0 of 200,000
2026-05-06 08:56:17,938 INFO analysis-suggestions-5 | Suggested combinations saved: 65
2026-05-06 08:56:17,938 INFO analysis-suggestions-5 | Outputs saved to: /Users/jonasodones/Desktop/src/my_scraper/analysis_outputs
2026-05-06 08:56:17,996 INFO Finished analysis-suggestions-5 exit_code=0 duration=0.80s
2026-05-06 08:56:17,996 INFO Pipeline completed successfully
2026-05-06 08:57:17,585 INFO Pipeline requested project_root=/Users/jonasodones/Desktop/src/my_scraper
2026-05-06 08:57:17,585 INFO Waiting for exclusive pipeline lock: /Users/jonasodones/Desktop/src/my_scraper/.pipeline.lock
2026-05-06 08:57:17,585 INFO Acquired exclusive pipeline lock
2026-05-06 08:57:17,585 INFO Starting synchronize: true
2026-05-06 08:57:17,589 INFO Finished synchronize exit_code=0 duration=0.00s
2026-05-06 08:57:17,589 INFO Cleaning stale output: /Users/jonasodones/Desktop/src/my_scraper/pcso_results.json
2026-05-06 08:57:17,589 INFO Deleting files inside analysis directory: /Users/jonasodones/Desktop/src/my_scraper/analysis_outputs
2026-05-06 08:57:17,590 INFO Starting scraper: /Users/jonasodones/Desktop/src/my_scraper/pcso_env/bin/python pcso_lottery_scraper.py
2026-05-06 08:57:20,122 INFO scraper | Connecting to PCSO as a browser (Stealth Mode)...
2026-05-06 08:57:20,122 INFO scraper | Wait for 2 seconds to mimic human reading time...
2026-05-06 08:57:20,122 INFO scraper | Submitting search request...
2026-05-06 08:57:20,122 INFO scraper | Success! 1098 results saved to /Users/jonasodones/Desktop/src/my_scraper/pcso_results.json
2026-05-06 08:57:20,143 INFO Finished scraper exit_code=0 duration=2.55s
2026-05-06 08:57:20,143 INFO Waiting for stable file: /Users/jonasodones/Desktop/src/my_scraper/pcso_results.json stability_seconds=5.0 timeout=600.0
2026-05-06 08:57:28,161 INFO File is stable: /Users/jonasodones/Desktop/src/my_scraper/pcso_results.json size=195224
2026-05-06 08:57:28,161 INFO Starting analysis-default: /Users/jonasodones/Desktop/src/my_scraper/pcso_env/bin/python /Users/jonasodones/Desktop/src/my_scraper/analyze_pcso_results.py
2026-05-06 08:57:29,117 INFO analysis-default | Analyzed 1098 total draws across 13 games.
2026-05-06 08:57:29,118 INFO analysis-default | Selected game: Ultra Lotto 6/58 (53 historical draws)
2026-05-06 08:57:29,118 INFO analysis-default | Most common odd/even pattern: 3 odd / 3 even (14 draws)
2026-05-06 08:57:29,118 INFO analysis-default | Historical sum range: 102 to 294; median 186.0
2026-05-06 08:57:29,118 INFO analysis-default | Monte Carlo target combination: 1-58-25-43-26-16
2026-05-06 08:57:29,118 INFO analysis-default | Theoretical exact-match probability: 0.000000024706 (about 1 in 40,475,358)
2026-05-06 08:57:29,118 INFO analysis-default | Simulation hits: 0 of 200,000
2026-05-06 08:57:29,118 INFO analysis-default | Suggested combinations saved: 39
2026-05-06 08:57:29,118 INFO analysis-default | Outputs saved to: /Users/jonasodones/Desktop/src/my_scraper/analysis_outputs
2026-05-06 08:57:29,179 INFO Finished analysis-default exit_code=0 duration=1.02s
2026-05-06 08:57:29,180 INFO Starting analysis-suggestions-5: /Users/jonasodones/Desktop/src/my_scraper/pcso_env/bin/python /Users/jonasodones/Desktop/src/my_scraper/analyze_pcso_results.py --suggestions-per-game 5
2026-05-06 08:57:29,916 INFO analysis-suggestions-5 | Analyzed 1098 total draws across 13 games.
2026-05-06 08:57:29,916 INFO analysis-suggestions-5 | Selected game: Ultra Lotto 6/58 (53 historical draws)
2026-05-06 08:57:29,916 INFO analysis-suggestions-5 | Most common odd/even pattern: 3 odd / 3 even (14 draws)
2026-05-06 08:57:29,916 INFO analysis-suggestions-5 | Historical sum range: 102 to 294; median 186.0
2026-05-06 08:57:29,916 INFO analysis-suggestions-5 | Monte Carlo target combination: 1-58-25-43-26-16
2026-05-06 08:57:29,916 INFO analysis-suggestions-5 | Theoretical exact-match probability: 0.000000024706 (about 1 in 40,475,358)
2026-05-06 08:57:29,916 INFO analysis-suggestions-5 | Simulation hits: 0 of 200,000
2026-05-06 08:57:29,916 INFO analysis-suggestions-5 | Suggested combinations saved: 65
2026-05-06 08:57:29,916 INFO analysis-suggestions-5 | Outputs saved to: /Users/jonasodones/Desktop/src/my_scraper/analysis_outputs
2026-05-06 08:57:29,976 INFO Finished analysis-suggestions-5 exit_code=0 duration=0.80s
2026-05-06 08:57:29,976 INFO Pipeline completed successfully
2026-05-06 09:15:21,933 INFO Pipeline requested project_root=/Users/jonasodones/Desktop/src/my_scraper
2026-05-06 09:15:21,933 INFO Waiting for exclusive pipeline lock: /Users/jonasodones/Desktop/src/my_scraper/.pipeline.lock
2026-05-06 09:15:21,933 INFO Acquired exclusive pipeline lock
2026-05-06 09:15:21,933 INFO Starting synchronize: true
2026-05-06 09:15:21,937 INFO Finished synchronize exit_code=0 duration=0.00s
2026-05-06 09:15:21,937 INFO Cleaning stale output: /Users/jonasodones/Desktop/src/my_scraper/pcso_results.json
2026-05-06 09:15:21,937 INFO Deleting files inside analysis directory: /Users/jonasodones/Desktop/src/my_scraper/analysis_outputs
2026-05-06 09:15:21,938 INFO Starting scraper: /Users/jonasodones/Desktop/src/my_scraper/pcso_env/bin/python pcso_lottery_scraper.py
2026-05-06 09:15:24,971 INFO scraper | Connecting to PCSO as a browser (Stealth Mode)...
2026-05-06 09:15:24,972 INFO scraper | Wait for 2 seconds to mimic human reading time...
2026-05-06 09:15:24,972 INFO scraper | Submitting search request...
2026-05-06 09:15:24,972 INFO scraper | Success! 1098 results saved to /Users/jonasodones/Desktop/src/my_scraper/pcso_results.json
2026-05-06 09:15:24,990 INFO Finished scraper exit_code=0 duration=3.05s
2026-05-06 09:15:24,990 INFO Waiting for stable file: /Users/jonasodones/Desktop/src/my_scraper/pcso_results.json stability_seconds=5.0 timeout=600.0
2026-05-06 09:15:33,011 INFO File is stable: /Users/jonasodones/Desktop/src/my_scraper/pcso_results.json size=195224
2026-05-06 09:15:33,011 INFO Starting analysis-default: /Users/jonasodones/Desktop/src/my_scraper/pcso_env/bin/python /Users/jonasodones/Desktop/src/my_scraper/analyze_pcso_results.py
2026-05-06 09:15:33,979 INFO analysis-default | Analyzed 1098 total draws across 13 games.
2026-05-06 09:15:33,979 INFO analysis-default | Selected game: Ultra Lotto 6/58 (53 historical draws)
2026-05-06 09:15:33,979 INFO analysis-default | Most common odd/even pattern: 3 odd / 3 even (14 draws)
2026-05-06 09:15:33,979 INFO analysis-default | Historical sum range: 102 to 294; median 186.0
2026-05-06 09:15:33,979 INFO analysis-default | Monte Carlo target combination: 1-58-25-43-26-16
2026-05-06 09:15:33,979 INFO analysis-default | Theoretical exact-match probability: 0.000000024706 (about 1 in 40,475,358)
2026-05-06 09:15:33,979 INFO analysis-default | Simulation hits: 0 of 200,000
2026-05-06 09:15:33,979 INFO analysis-default | Suggested combinations saved: 39
2026-05-06 09:15:33,979 INFO analysis-default | Outputs saved to: /Users/jonasodones/Desktop/src/my_scraper/analysis_outputs
2026-05-06 09:15:34,043 INFO Finished analysis-default exit_code=0 duration=1.03s
2026-05-06 09:15:34,043 INFO Starting analysis-suggestions-5: /Users/jonasodones/Desktop/src/my_scraper/pcso_env/bin/python /Users/jonasodones/Desktop/src/my_scraper/analyze_pcso_results.py --suggestions-per-game 5
2026-05-06 09:15:34,781 INFO analysis-suggestions-5 | Analyzed 1098 total draws across 13 games.
2026-05-06 09:15:34,781 INFO analysis-suggestions-5 | Selected game: Ultra Lotto 6/58 (53 historical draws)
2026-05-06 09:15:34,781 INFO analysis-suggestions-5 | Most common odd/even pattern: 3 odd / 3 even (14 draws)
2026-05-06 09:15:34,781 INFO analysis-suggestions-5 | Historical sum range: 102 to 294; median 186.0
2026-05-06 09:15:34,781 INFO analysis-suggestions-5 | Monte Carlo target combination: 1-58-25-43-26-16
2026-05-06 09:15:34,781 INFO analysis-suggestions-5 | Theoretical exact-match probability: 0.000000024706 (about 1 in 40,475,358)
2026-05-06 09:15:34,781 INFO analysis-suggestions-5 | Simulation hits: 0 of 200,000
2026-05-06 09:15:34,781 INFO analysis-suggestions-5 | Suggested combinations saved: 65
2026-05-06 09:15:34,781 INFO analysis-suggestions-5 | Outputs saved to: /Users/jonasodones/Desktop/src/my_scraper/analysis_outputs
2026-05-06 09:15:34,840 INFO Finished analysis-suggestions-5 exit_code=0 duration=0.80s
2026-05-06 09:15:34,840 INFO Pipeline completed successfully
2026-05-06 09:15:47,079 INFO Pipeline requested project_root=/Users/jonasodones/Desktop/src/my_scraper
2026-05-06 09:15:47,079 INFO Waiting for exclusive pipeline lock: /Users/jonasodones/Desktop/src/my_scraper/.pipeline.lock
2026-05-06 09:15:47,079 INFO Acquired exclusive pipeline lock
2026-05-06 09:15:47,080 INFO Starting synchronize: true
2026-05-06 09:15:47,083 INFO Finished synchronize exit_code=0 duration=0.00s
2026-05-06 09:15:47,084 INFO Cleaning stale output: /Users/jonasodones/Desktop/src/my_scraper/pcso_results.json
2026-05-06 09:15:47,084 INFO Deleting files inside analysis directory: /Users/jonasodones/Desktop/src/my_scraper/analysis_outputs
2026-05-06 09:15:47,085 INFO Starting scraper: /Users/jonasodones/Desktop/src/my_scraper/pcso_env/bin/python pcso_lottery_scraper.py
2026-05-06 09:15:49,802 INFO scraper | Connecting to PCSO as a browser (Stealth Mode)...
2026-05-06 09:15:49,802 INFO scraper | Wait for 2 seconds to mimic human reading time...
2026-05-06 09:15:49,802 INFO scraper | Submitting search request...
2026-05-06 09:15:49,802 INFO scraper | Success! 1098 results saved to /Users/jonasodones/Desktop/src/my_scraper/pcso_results.json
2026-05-06 09:15:49,821 INFO Finished scraper exit_code=0 duration=2.74s
2026-05-06 09:15:49,821 INFO Waiting for stable file: /Users/jonasodones/Desktop/src/my_scraper/pcso_results.json stability_seconds=5.0 timeout=600.0
2026-05-06 09:15:57,836 INFO File is stable: /Users/jonasodones/Desktop/src/my_scraper/pcso_results.json size=195224
2026-05-06 09:15:57,837 INFO Starting analysis-default: /Users/jonasodones/Desktop/src/my_scraper/pcso_env/bin/python /Users/jonasodones/Desktop/src/my_scraper/analyze_pcso_results.py
2026-05-06 09:15:58,585 INFO analysis-default | Analyzed 1098 total draws across 13 games.
2026-05-06 09:15:58,586 INFO analysis-default | Selected game: Ultra Lotto 6/58 (53 historical draws)
2026-05-06 09:15:58,586 INFO analysis-default | Most common odd/even pattern: 3 odd / 3 even (14 draws)
2026-05-06 09:15:58,586 INFO analysis-default | Historical sum range: 102 to 294; median 186.0
2026-05-06 09:15:58,586 INFO analysis-default | Monte Carlo target combination: 1-58-25-43-26-16
2026-05-06 09:15:58,586 INFO analysis-default | Theoretical exact-match probability: 0.000000024706 (about 1 in 40,475,358)
2026-05-06 09:15:58,586 INFO analysis-default | Simulation hits: 0 of 200,000
2026-05-06 09:15:58,586 INFO analysis-default | Suggested combinations saved: 39
2026-05-06 09:15:58,586 INFO analysis-default | Outputs saved to: /Users/jonasodones/Desktop/src/my_scraper/analysis_outputs
2026-05-06 09:15:58,644 INFO Finished analysis-default exit_code=0 duration=0.81s
2026-05-06 09:15:58,644 INFO Starting analysis-suggestions-5: /Users/jonasodones/Desktop/src/my_scraper/pcso_env/bin/python /Users/jonasodones/Desktop/src/my_scraper/analyze_pcso_results.py --suggestions-per-game 5
2026-05-06 09:15:59,396 INFO analysis-suggestions-5 | Analyzed 1098 total draws across 13 games.
2026-05-06 09:15:59,396 INFO analysis-suggestions-5 | Selected game: Ultra Lotto 6/58 (53 historical draws)
2026-05-06 09:15:59,396 INFO analysis-suggestions-5 | Most common odd/even pattern: 3 odd / 3 even (14 draws)
2026-05-06 09:15:59,396 INFO analysis-suggestions-5 | Historical sum range: 102 to 294; median 186.0
2026-05-06 09:15:59,396 INFO analysis-suggestions-5 | Monte Carlo target combination: 1-58-25-43-26-16
2026-05-06 09:15:59,396 INFO analysis-suggestions-5 | Theoretical exact-match probability: 0.000000024706 (about 1 in 40,475,358)
2026-05-06 09:15:59,396 INFO analysis-suggestions-5 | Simulation hits: 0 of 200,000
2026-05-06 09:15:59,396 INFO analysis-suggestions-5 | Suggested combinations saved: 65
2026-05-06 09:15:59,396 INFO analysis-suggestions-5 | Outputs saved to: /Users/jonasodones/Desktop/src/my_scraper/analysis_outputs
2026-05-06 09:15:59,454 INFO Finished analysis-suggestions-5 exit_code=0 duration=0.81s
2026-05-06 09:15:59,454 INFO Pipeline completed successfully
2026-05-06 09:18:37,019 INFO Pipeline requested project_root=/Users/jonasodones/Desktop/src/my_scraper
2026-05-06 09:18:37,019 INFO Waiting for exclusive pipeline lock: /Users/jonasodones/Desktop/src/my_scraper/.pipeline.lock
2026-05-06 09:18:37,019 INFO Acquired exclusive pipeline lock
2026-05-06 09:18:37,019 INFO Starting synchronize: true
2026-05-06 09:18:37,023 INFO Finished synchronize exit_code=0 duration=0.00s
2026-05-06 09:18:37,023 INFO Cleaning stale output: /Users/jonasodones/Desktop/src/my_scraper/pcso_results.json
2026-05-06 09:18:37,024 INFO Deleting files inside analysis directory: /Users/jonasodones/Desktop/src/my_scraper/analysis_outputs
2026-05-06 09:18:37,024 INFO Starting scraper: /Users/jonasodones/Desktop/src/my_scraper/pcso_env/bin/python pcso_lottery_scraper.py
2026-05-06 09:18:39,645 INFO scraper | Connecting to PCSO as a browser (Stealth Mode)...
2026-05-06 09:18:39,645 INFO scraper | Wait for 2 seconds to mimic human reading time...
2026-05-06 09:18:39,645 INFO scraper | Submitting search request...
2026-05-06 09:18:39,645 INFO scraper | Success! 1098 results saved to /Users/jonasodones/Desktop/src/my_scraper/pcso_results.json
2026-05-06 09:18:39,664 INFO Finished scraper exit_code=0 duration=2.64s
2026-05-06 09:18:39,664 INFO Waiting for stable file: /Users/jonasodones/Desktop/src/my_scraper/pcso_results.json stability_seconds=5.0 timeout=600.0
2026-05-06 09:18:47,683 INFO File is stable: /Users/jonasodones/Desktop/src/my_scraper/pcso_results.json size=195224
2026-05-06 09:18:47,684 INFO Starting analysis-default: /Users/jonasodones/Desktop/src/my_scraper/pcso_env/bin/python /Users/jonasodones/Desktop/src/my_scraper/analyze_pcso_results.py
2026-05-06 09:18:48,649 INFO analysis-default | Analyzed 1098 total draws across 13 games.
2026-05-06 09:18:48,649 INFO analysis-default | Selected game: Ultra Lotto 6/58 (53 historical draws)
2026-05-06 09:18:48,649 INFO analysis-default | Most common odd/even pattern: 3 odd / 3 even (14 draws)
2026-05-06 09:18:48,649 INFO analysis-default | Historical sum range: 102 to 294; median 186.0
2026-05-06 09:18:48,649 INFO analysis-default | Monte Carlo target combination: 1-58-25-43-26-16
2026-05-06 09:18:48,649 INFO analysis-default | Theoretical exact-match probability: 0.000000024706 (about 1 in 40,475,358)
2026-05-06 09:18:48,649 INFO analysis-default | Simulation hits: 0 of 200,000
2026-05-06 09:18:48,649 INFO analysis-default | Suggested combinations saved: 39
2026-05-06 09:18:48,649 INFO analysis-default | Outputs saved to: /Users/jonasodones/Desktop/src/my_scraper/analysis_outputs
2026-05-06 09:18:48,711 INFO Finished analysis-default exit_code=0 duration=1.03s
2026-05-06 09:18:48,711 INFO Starting analysis-suggestions-5: /Users/jonasodones/Desktop/src/my_scraper/pcso_env/bin/python /Users/jonasodones/Desktop/src/my_scraper/analyze_pcso_results.py --suggestions-per-game 5
2026-05-06 09:18:49,454 INFO analysis-suggestions-5 | Analyzed 1098 total draws across 13 games.
2026-05-06 09:18:49,454 INFO analysis-suggestions-5 | Selected game: Ultra Lotto 6/58 (53 historical draws)
2026-05-06 09:18:49,454 INFO analysis-suggestions-5 | Most common odd/even pattern: 3 odd / 3 even (14 draws)
2026-05-06 09:18:49,454 INFO analysis-suggestions-5 | Historical sum range: 102 to 294; median 186.0
2026-05-06 09:18:49,454 INFO analysis-suggestions-5 | Monte Carlo target combination: 1-58-25-43-26-16
2026-05-06 09:18:49,455 INFO analysis-suggestions-5 | Theoretical exact-match probability: 0.000000024706 (about 1 in 40,475,358)
2026-05-06 09:18:49,455 INFO analysis-suggestions-5 | Simulation hits: 0 of 200,000
2026-05-06 09:18:49,455 INFO analysis-suggestions-5 | Suggested combinations saved: 65
2026-05-06 09:18:49,455 INFO analysis-suggestions-5 | Outputs saved to: /Users/jonasodones/Desktop/src/my_scraper/analysis_outputs
2026-05-06 09:18:49,526 INFO Finished analysis-suggestions-5 exit_code=0 duration=0.81s
2026-05-06 09:18:49,526 INFO Pipeline completed successfully
2026-05-06 09:20:18,556 INFO Pipeline requested project_root=/Users/jonasodones/Desktop/src/my_scraper
2026-05-06 09:20:18,556 INFO Waiting for exclusive pipeline lock: /Users/jonasodones/Desktop/src/my_scraper/.pipeline.lock
2026-05-06 09:20:18,556 INFO Acquired exclusive pipeline lock
2026-05-06 09:20:18,556 INFO Starting synchronize: true
2026-05-06 09:20:18,559 INFO Finished synchronize exit_code=0 duration=0.00s
2026-05-06 09:20:18,559 INFO Cleaning stale output: /Users/jonasodones/Desktop/src/my_scraper/pcso_results.json
2026-05-06 09:20:18,559 INFO Deleting files inside analysis directory: /Users/jonasodones/Desktop/src/my_scraper/analysis_outputs
2026-05-06 09:20:18,560 INFO Starting scraper: /Users/jonasodones/Desktop/src/my_scraper/pcso_env/bin/python pcso_lottery_scraper.py
2026-05-06 09:20:21,081 INFO scraper | Connecting to PCSO as a browser (Stealth Mode)...
2026-05-06 09:20:21,081 INFO scraper | Wait for 2 seconds to mimic human reading time...
2026-05-06 09:20:21,081 INFO scraper | Submitting search request...
2026-05-06 09:20:21,081 INFO scraper | Success! 1098 results saved to /Users/jonasodones/Desktop/src/my_scraper/pcso_results.json
2026-05-06 09:20:21,100 INFO Finished scraper exit_code=0 duration=2.54s
2026-05-06 09:20:21,101 INFO Waiting for stable file: /Users/jonasodones/Desktop/src/my_scraper/pcso_results.json stability_seconds=5.0 timeout=600.0
2026-05-06 09:20:29,117 INFO File is stable: /Users/jonasodones/Desktop/src/my_scraper/pcso_results.json size=195224
2026-05-06 09:20:29,117 INFO Starting analysis-default: /Users/jonasodones/Desktop/src/my_scraper/pcso_env/bin/python /Users/jonasodones/Desktop/src/my_scraper/analyze_pcso_results.py
2026-05-06 09:20:29,922 INFO analysis-default | Analyzed 1098 total draws across 13 games.
2026-05-06 09:20:29,922 INFO analysis-default | Selected game: Ultra Lotto 6/58 (53 historical draws)
2026-05-06 09:20:29,922 INFO analysis-default | Most common odd/even pattern: 3 odd / 3 even (14 draws)
2026-05-06 09:20:29,922 INFO analysis-default | Historical sum range: 102 to 294; median 186.0
2026-05-06 09:20:29,922 INFO analysis-default | Monte Carlo target combination: 1-58-25-43-26-16
2026-05-06 09:20:29,922 INFO analysis-default | Theoretical exact-match probability: 0.000000024706 (about 1 in 40,475,358)
2026-05-06 09:20:29,922 INFO analysis-default | Simulation hits: 0 of 200,000
2026-05-06 09:20:29,922 INFO analysis-default | Suggested combinations saved: 39
2026-05-06 09:20:29,922 INFO analysis-default | Outputs saved to: /Users/jonasodones/Desktop/src/my_scraper/analysis_outputs
2026-05-06 09:20:29,982 INFO Finished analysis-default exit_code=0 duration=0.86s
2026-05-06 09:20:29,982 INFO Starting analysis-suggestions-5: /Users/jonasodones/Desktop/src/my_scraper/pcso_env/bin/python /Users/jonasodones/Desktop/src/my_scraper/analyze_pcso_results.py --suggestions-per-game 5
2026-05-06 09:20:30,764 INFO analysis-suggestions-5 | Analyzed 1098 total draws across 13 games.
2026-05-06 09:20:30,764 INFO analysis-suggestions-5 | Selected game: Ultra Lotto 6/58 (53 historical draws)
2026-05-06 09:20:30,764 INFO analysis-suggestions-5 | Most common odd/even pattern: 3 odd / 3 even (14 draws)
2026-05-06 09:20:30,764 INFO analysis-suggestions-5 | Historical sum range: 102 to 294; median 186.0
2026-05-06 09:20:30,764 INFO analysis-suggestions-5 | Monte Carlo target combination: 1-58-25-43-26-16
2026-05-06 09:20:30,764 INFO analysis-suggestions-5 | Theoretical exact-match probability: 0.000000024706 (about 1 in 40,475,358)
2026-05-06 09:20:30,764 INFO analysis-suggestions-5 | Simulation hits: 0 of 200,000
2026-05-06 09:20:30,764 INFO analysis-suggestions-5 | Suggested combinations saved: 65
2026-05-06 09:20:30,764 INFO analysis-suggestions-5 | Outputs saved to: /Users/jonasodones/Desktop/src/my_scraper/analysis_outputs
2026-05-06 09:20:30,825 INFO Finished analysis-suggestions-5 exit_code=0 duration=0.84s
2026-05-06 09:20:30,825 INFO Pipeline completed successfully
2026-05-06 09:43:41,633 INFO Pipeline requested project_root=/Users/jonasodones/Desktop/src/my_scraper
2026-05-06 09:43:41,634 INFO Waiting for exclusive pipeline lock: /Users/jonasodones/Desktop/src/my_scraper/.pipeline.lock
2026-05-06 09:43:41,634 INFO Acquired exclusive pipeline lock
2026-05-06 09:43:41,634 INFO Starting synchronize: true
2026-05-06 09:43:41,640 INFO Finished synchronize exit_code=0 duration=0.01s
2026-05-06 09:43:41,640 INFO Cleaning stale output: /Users/jonasodones/Desktop/src/my_scraper/pcso_results.json
2026-05-06 09:43:41,641 INFO Deleting files inside analysis directory: /Users/jonasodones/Desktop/src/my_scraper/analysis_outputs
2026-05-06 09:43:41,642 INFO Starting scraper: /Users/jonasodones/Desktop/src/my_scraper/pcso_env/bin/python pcso_lottery_scraper.py
2026-05-06 09:43:44,228 INFO scraper | Connecting to PCSO as a browser (Stealth Mode)...
2026-05-06 09:43:44,228 INFO scraper | Wait for 2 seconds to mimic human reading time...
2026-05-06 09:43:44,228 INFO scraper | Submitting search request...
2026-05-06 09:43:44,228 INFO scraper | Success! 1098 results saved to /Users/jonasodones/Desktop/src/my_scraper/pcso_results.json
2026-05-06 09:43:44,247 INFO Finished scraper exit_code=0 duration=2.60s
2026-05-06 09:43:44,247 INFO Waiting for stable file: /Users/jonasodones/Desktop/src/my_scraper/pcso_results.json stability_seconds=5.0 timeout=600.0
2026-05-06 09:43:52,265 INFO File is stable: /Users/jonasodones/Desktop/src/my_scraper/pcso_results.json size=195224
2026-05-06 09:43:52,265 INFO Starting analysis-default: /Users/jonasodones/Desktop/src/my_scraper/pcso_env/bin/python /Users/jonasodones/Desktop/src/my_scraper/analyze_pcso_results.py
2026-05-06 09:43:53,195 INFO analysis-default | Analyzed 1098 total draws across 13 games.
2026-05-06 09:43:53,195 INFO analysis-default | Selected game: Ultra Lotto 6/58 (53 historical draws)
2026-05-06 09:43:53,195 INFO analysis-default | Most common odd/even pattern: 3 odd / 3 even (14 draws)
2026-05-06 09:43:53,195 INFO analysis-default | Historical sum range: 102 to 294; median 186.0
2026-05-06 09:43:53,195 INFO analysis-default | Monte Carlo target combination: 1-58-25-43-26-16
2026-05-06 09:43:53,195 INFO analysis-default | Theoretical exact-match probability: 0.000000024706 (about 1 in 40,475,358)
2026-05-06 09:43:53,195 INFO analysis-default | Simulation hits: 0 of 200,000
2026-05-06 09:43:53,195 INFO analysis-default | Suggested combinations saved: 39
2026-05-06 09:43:53,195 INFO analysis-default | Outputs saved to: /Users/jonasodones/Desktop/src/my_scraper/analysis_outputs
2026-05-06 09:43:53,254 INFO Finished analysis-default exit_code=0 duration=0.99s
2026-05-06 09:43:53,254 INFO Starting analysis-suggestions-5: /Users/jonasodones/Desktop/src/my_scraper/pcso_env/bin/python /Users/jonasodones/Desktop/src/my_scraper/analyze_pcso_results.py --suggestions-per-game 5
2026-05-06 09:43:53,995 INFO analysis-suggestions-5 | Analyzed 1098 total draws across 13 games.
2026-05-06 09:43:53,995 INFO analysis-suggestions-5 | Selected game: Ultra Lotto 6/58 (53 historical draws)
2026-05-06 09:43:53,995 INFO analysis-suggestions-5 | Most common odd/even pattern: 3 odd / 3 even (14 draws)
2026-05-06 09:43:53,995 INFO analysis-suggestions-5 | Historical sum range: 102 to 294; median 186.0
2026-05-06 09:43:53,995 INFO analysis-suggestions-5 | Monte Carlo target combination: 1-58-25-43-26-16
2026-05-06 09:43:53,995 INFO analysis-suggestions-5 | Theoretical exact-match probability: 0.000000024706 (about 1 in 40,475,358)
2026-05-06 09:43:53,995 INFO analysis-suggestions-5 | Simulation hits: 0 of 200,000
2026-05-06 09:43:53,995 INFO analysis-suggestions-5 | Suggested combinations saved: 65
2026-05-06 09:43:53,995 INFO analysis-suggestions-5 | Outputs saved to: /Users/jonasodones/Desktop/src/my_scraper/analysis_outputs
2026-05-06 09:43:54,054 INFO Finished analysis-suggestions-5 exit_code=0 duration=0.80s
2026-05-06 09:43:54,054 INFO Pipeline completed successfully
2026-05-06 09:48:56,659 INFO Pipeline requested project_root=/Users/jonasodones/Desktop/src/my_scraper
2026-05-06 09:48:56,660 INFO Waiting for exclusive pipeline lock: /Users/jonasodones/Desktop/src/my_scraper/.pipeline.lock
2026-05-06 09:48:56,660 INFO Acquired exclusive pipeline lock
2026-05-06 09:48:56,660 INFO Starting synchronize: true
2026-05-06 09:48:56,663 INFO Finished synchronize exit_code=0 duration=0.00s
2026-05-06 09:48:56,663 INFO Cleaning stale output: /Users/jonasodones/Desktop/src/my_scraper/pcso_results.json
2026-05-06 09:48:56,664 INFO Deleting files inside analysis directory: /Users/jonasodones/Desktop/src/my_scraper/analysis_outputs
2026-05-06 09:48:56,664 INFO Starting scraper: /Users/jonasodones/Desktop/src/my_scraper/pcso_env/bin/python pcso_lottery_scraper.py
2026-05-06 09:48:59,317 INFO scraper | Connecting to PCSO as a browser (Stealth Mode)...
2026-05-06 09:48:59,317 INFO scraper | Wait for 2 seconds to mimic human reading time...
2026-05-06 09:48:59,317 INFO scraper | Submitting search request...
2026-05-06 09:48:59,317 INFO scraper | Success! 1098 results saved to /Users/jonasodones/Desktop/src/my_scraper/pcso_results.json
2026-05-06 09:48:59,336 INFO Finished scraper exit_code=0 duration=2.67s
2026-05-06 09:48:59,337 INFO Waiting for stable file: /Users/jonasodones/Desktop/src/my_scraper/pcso_results.json stability_seconds=5.0 timeout=600.0
2026-05-06 09:49:07,355 INFO File is stable: /Users/jonasodones/Desktop/src/my_scraper/pcso_results.json size=195224
2026-05-06 09:49:07,356 INFO Starting analysis-default: /Users/jonasodones/Desktop/src/my_scraper/pcso_env/bin/python /Users/jonasodones/Desktop/src/my_scraper/analyze_pcso_results.py
2026-05-06 09:49:08,278 INFO analysis-default | Analyzed 1098 total draws across 13 games.
2026-05-06 09:49:08,278 INFO analysis-default | Selected game: Ultra Lotto 6/58 (53 historical draws)
2026-05-06 09:49:08,278 INFO analysis-default | Most common odd/even pattern: 3 odd / 3 even (14 draws)
2026-05-06 09:49:08,278 INFO analysis-default | Historical sum range: 102 to 294; median 186.0
2026-05-06 09:49:08,278 INFO analysis-default | Monte Carlo target combination: 1-58-25-43-26-16
2026-05-06 09:49:08,278 INFO analysis-default | Theoretical exact-match probability: 0.000000024706 (about 1 in 40,475,358)
2026-05-06 09:49:08,278 INFO analysis-default | Simulation hits: 0 of 200,000
2026-05-06 09:49:08,278 INFO analysis-default | Suggested combinations saved: 39
2026-05-06 09:49:08,278 INFO analysis-default | Outputs saved to: /Users/jonasodones/Desktop/src/my_scraper/analysis_outputs
2026-05-06 09:49:08,336 INFO Finished analysis-default exit_code=0 duration=0.98s
2026-05-06 09:49:08,336 INFO Starting analysis-suggestions-5: /Users/jonasodones/Desktop/src/my_scraper/pcso_env/bin/python /Users/jonasodones/Desktop/src/my_scraper/analyze_pcso_results.py --suggestions-per-game 5
2026-05-06 09:49:09,072 INFO analysis-suggestions-5 | Analyzed 1098 total draws across 13 games.
2026-05-06 09:49:09,072 INFO analysis-suggestions-5 | Selected game: Ultra Lotto 6/58 (53 historical draws)
2026-05-06 09:49:09,073 INFO analysis-suggestions-5 | Most common odd/even pattern: 3 odd / 3 even (14 draws)
2026-05-06 09:49:09,073 INFO analysis-suggestions-5 | Historical sum range: 102 to 294; median 186.0
2026-05-06 09:49:09,073 INFO analysis-suggestions-5 | Monte Carlo target combination: 1-58-25-43-26-16
2026-05-06 09:49:09,073 INFO analysis-suggestions-5 | Theoretical exact-match probability: 0.000000024706 (about 1 in 40,475,358)
2026-05-06 09:49:09,073 INFO analysis-suggestions-5 | Simulation hits: 0 of 200,000
2026-05-06 09:49:09,073 INFO analysis-suggestions-5 | Suggested combinations saved: 65
2026-05-06 09:49:09,073 INFO analysis-suggestions-5 | Outputs saved to: /Users/jonasodones/Desktop/src/my_scraper/analysis_outputs
2026-05-06 09:49:09,130 INFO Finished analysis-suggestions-5 exit_code=0 duration=0.79s
2026-05-06 09:49:09,130 INFO Pipeline completed successfully
2026-05-06 09:49:33,365 INFO Pipeline requested project_root=/Users/jonasodones/Desktop/src/my_scraper
2026-05-06 09:49:33,365 INFO Waiting for exclusive pipeline lock: /Users/jonasodones/Desktop/src/my_scraper/.pipeline.lock
2026-05-06 09:49:33,365 INFO Acquired exclusive pipeline lock
2026-05-06 09:49:33,365 INFO Starting synchronize: true
2026-05-06 09:49:33,368 INFO Finished synchronize exit_code=0 duration=0.00s
2026-05-06 09:49:33,369 INFO Cleaning stale output: /Users/jonasodones/Desktop/src/my_scraper/pcso_results.json
2026-05-06 09:49:33,369 INFO Deleting files inside analysis directory: /Users/jonasodones/Desktop/src/my_scraper/analysis_outputs
2026-05-06 09:49:33,369 INFO Starting scraper: /Users/jonasodones/Desktop/src/my_scraper/pcso_env/bin/python pcso_lottery_scraper.py
2026-05-06 09:49:35,960 INFO scraper | Connecting to PCSO as a browser (Stealth Mode)...
2026-05-06 09:49:35,961 INFO scraper | Wait for 2 seconds to mimic human reading time...
2026-05-06 09:49:35,961 INFO scraper | Submitting search request...
2026-05-06 09:49:35,961 INFO scraper | Success! 1098 results saved to /Users/jonasodones/Desktop/src/my_scraper/pcso_results.json
2026-05-06 09:49:35,979 INFO Finished scraper exit_code=0 duration=2.61s
2026-05-06 09:49:35,979 INFO Waiting for stable file: /Users/jonasodones/Desktop/src/my_scraper/pcso_results.json stability_seconds=5.0 timeout=600.0
2026-05-06 09:49:44,000 INFO File is stable: /Users/jonasodones/Desktop/src/my_scraper/pcso_results.json size=195224
2026-05-06 09:49:44,001 INFO Starting analysis-default: /Users/jonasodones/Desktop/src/my_scraper/pcso_env/bin/python /Users/jonasodones/Desktop/src/my_scraper/analyze_pcso_results.py
2026-05-06 09:49:44,974 INFO analysis-default | Analyzed 1098 total draws across 13 games.
2026-05-06 09:49:44,974 INFO analysis-default | Selected game: Ultra Lotto 6/58 (53 historical draws)
2026-05-06 09:49:44,974 INFO analysis-default | Most common odd/even pattern: 3 odd / 3 even (14 draws)
2026-05-06 09:49:44,974 INFO analysis-default | Historical sum range: 102 to 294; median 186.0
2026-05-06 09:49:44,974 INFO analysis-default | Monte Carlo target combination: 1-58-25-43-26-16
2026-05-06 09:49:44,974 INFO analysis-default | Theoretical exact-match probability: 0.000000024706 (about 1 in 40,475,358)
2026-05-06 09:49:44,974 INFO analysis-default | Simulation hits: 0 of 200,000
2026-05-06 09:49:44,974 INFO analysis-default | Suggested combinations saved: 39
2026-05-06 09:49:44,974 INFO analysis-default | Outputs saved to: /Users/jonasodones/Desktop/src/my_scraper/analysis_outputs
2026-05-06 09:49:45,038 INFO Finished analysis-default exit_code=0 duration=1.04s
2026-05-06 09:49:45,039 INFO Starting analysis-suggestions-5: /Users/jonasodones/Desktop/src/my_scraper/pcso_env/bin/python /Users/jonasodones/Desktop/src/my_scraper/analyze_pcso_results.py --suggestions-per-game 5
2026-05-06 09:49:45,774 INFO analysis-suggestions-5 | Analyzed 1098 total draws across 13 games.
2026-05-06 09:49:45,775 INFO analysis-suggestions-5 | Selected game: Ultra Lotto 6/58 (53 historical draws)
2026-05-06 09:49:45,775 INFO analysis-suggestions-5 | Most common odd/even pattern: 3 odd / 3 even (14 draws)
2026-05-06 09:49:45,775 INFO analysis-suggestions-5 | Historical sum range: 102 to 294; median 186.0
2026-05-06 09:49:45,775 INFO analysis-suggestions-5 | Monte Carlo target combination: 1-58-25-43-26-16
2026-05-06 09:49:45,775 INFO analysis-suggestions-5 | Theoretical exact-match probability: 0.000000024706 (about 1 in 40,475,358)
2026-05-06 09:49:45,775 INFO analysis-suggestions-5 | Simulation hits: 0 of 200,000
2026-05-06 09:49:45,775 INFO analysis-suggestions-5 | Suggested combinations saved: 65
2026-05-06 09:49:45,775 INFO analysis-suggestions-5 | Outputs saved to: /Users/jonasodones/Desktop/src/my_scraper/analysis_outputs
2026-05-06 09:49:45,833 INFO Finished analysis-suggestions-5 exit_code=0 duration=0.79s
2026-05-06 09:49:45,833 INFO Pipeline completed successfully
2026-05-06 09:50:43,126 INFO Pipeline requested project_root=/Users/jonasodones/Desktop/src/my_scraper
2026-05-06 09:50:43,126 INFO Waiting for exclusive pipeline lock: /Users/jonasodones/Desktop/src/my_scraper/.pipeline.lock
2026-05-06 09:50:43,126 INFO Acquired exclusive pipeline lock
2026-05-06 09:50:43,126 INFO Starting synchronize: true
2026-05-06 09:50:43,129 INFO Finished synchronize exit_code=0 duration=0.00s
2026-05-06 09:50:43,130 INFO Cleaning stale output: /Users/jonasodones/Desktop/src/my_scraper/pcso_results.json
2026-05-06 09:50:43,130 INFO Deleting files inside analysis directory: /Users/jonasodones/Desktop/src/my_scraper/analysis_outputs
2026-05-06 09:50:43,130 INFO Starting scraper: /Users/jonasodones/Desktop/src/my_scraper/pcso_env/bin/python pcso_lottery_scraper.py
2026-05-06 09:50:45,808 INFO scraper | Connecting to PCSO as a browser (Stealth Mode)...
2026-05-06 09:50:45,808 INFO scraper | Wait for 2 seconds to mimic human reading time...
2026-05-06 09:50:45,808 INFO scraper | Submitting search request...
2026-05-06 09:50:45,808 INFO scraper | Success! 1098 results saved to /Users/jonasodones/Desktop/src/my_scraper/pcso_results.json
2026-05-06 09:50:45,826 INFO Finished scraper exit_code=0 duration=2.70s
2026-05-06 09:50:45,826 INFO Waiting for stable file: /Users/jonasodones/Desktop/src/my_scraper/pcso_results.json stability_seconds=5.0 timeout=600.0
2026-05-06 09:50:53,846 INFO File is stable: /Users/jonasodones/Desktop/src/my_scraper/pcso_results.json size=195224
2026-05-06 09:50:53,847 INFO Starting analysis-default: /Users/jonasodones/Desktop/src/my_scraper/pcso_env/bin/python /Users/jonasodones/Desktop/src/my_scraper/analyze_pcso_results.py
2026-05-06 09:50:54,832 INFO analysis-default | Analyzed 1098 total draws across 13 games.
2026-05-06 09:50:54,832 INFO analysis-default | Selected game: Ultra Lotto 6/58 (53 historical draws)
2026-05-06 09:50:54,832 INFO analysis-default | Most common odd/even pattern: 3 odd / 3 even (14 draws)
2026-05-06 09:50:54,832 INFO analysis-default | Historical sum range: 102 to 294; median 186.0
2026-05-06 09:50:54,832 INFO analysis-default | Monte Carlo target combination: 1-58-25-43-26-16
2026-05-06 09:50:54,832 INFO analysis-default | Theoretical exact-match probability: 0.000000024706 (about 1 in 40,475,358)
2026-05-06 09:50:54,832 INFO analysis-default | Simulation hits: 0 of 200,000
2026-05-06 09:50:54,832 INFO analysis-default | Suggested combinations saved: 39
2026-05-06 09:50:54,832 INFO analysis-default | Outputs saved to: /Users/jonasodones/Desktop/src/my_scraper/analysis_outputs
2026-05-06 09:50:54,900 INFO Finished analysis-default exit_code=0 duration=1.05s
2026-05-06 09:50:54,901 INFO Starting analysis-suggestions-5: /Users/jonasodones/Desktop/src/my_scraper/pcso_env/bin/python /Users/jonasodones/Desktop/src/my_scraper/analyze_pcso_results.py --suggestions-per-game 5
2026-05-06 09:50:55,650 INFO analysis-suggestions-5 | Analyzed 1098 total draws across 13 games.
2026-05-06 09:50:55,650 INFO analysis-suggestions-5 | Selected game: Ultra Lotto 6/58 (53 historical draws)
2026-05-06 09:50:55,650 INFO analysis-suggestions-5 | Most common odd/even pattern: 3 odd / 3 even (14 draws)
2026-05-06 09:50:55,650 INFO analysis-suggestions-5 | Historical sum range: 102 to 294; median 186.0
2026-05-06 09:50:55,650 INFO analysis-suggestions-5 | Monte Carlo target combination: 1-58-25-43-26-16
2026-05-06 09:50:55,650 INFO analysis-suggestions-5 | Theoretical exact-match probability: 0.000000024706 (about 1 in 40,475,358)
2026-05-06 09:50:55,650 INFO analysis-suggestions-5 | Simulation hits: 0 of 200,000
2026-05-06 09:50:55,650 INFO analysis-suggestions-5 | Suggested combinations saved: 65
2026-05-06 09:50:55,650 INFO analysis-suggestions-5 | Outputs saved to: /Users/jonasodones/Desktop/src/my_scraper/analysis_outputs
2026-05-06 09:50:55,717 INFO Finished analysis-suggestions-5 exit_code=0 duration=0.82s
2026-05-06 09:50:55,717 INFO Pipeline completed successfully
2026-05-06 09:53:18,531 INFO Pipeline requested project_root=/Users/jonasodones/Desktop/src/my_scraper
2026-05-06 09:53:18,531 INFO Waiting for exclusive pipeline lock: /Users/jonasodones/Desktop/src/my_scraper/.pipeline.lock
2026-05-06 09:53:18,531 INFO Acquired exclusive pipeline lock
2026-05-06 09:53:18,531 INFO Starting synchronize: true
2026-05-06 09:53:18,534 INFO Finished synchronize exit_code=0 duration=0.00s
2026-05-06 09:53:18,534 INFO Cleaning stale output: /Users/jonasodones/Desktop/src/my_scraper/pcso_results.json
2026-05-06 09:53:18,535 INFO Deleting files inside analysis directory: /Users/jonasodones/Desktop/src/my_scraper/analysis_outputs
2026-05-06 09:53:18,536 INFO Starting scraper: /Users/jonasodones/Desktop/src/my_scraper/pcso_env/bin/python pcso_lottery_scraper.py
2026-05-06 09:53:21,081 INFO scraper | Connecting to PCSO as a browser (Stealth Mode)...
2026-05-06 09:53:21,081 INFO scraper | Wait for 2 seconds to mimic human reading time...
2026-05-06 09:53:21,081 INFO scraper | Submitting search request...
2026-05-06 09:53:21,081 INFO scraper | Success! 1098 results saved to /Users/jonasodones/Desktop/src/my_scraper/pcso_results.json
2026-05-06 09:53:21,101 INFO Finished scraper exit_code=0 duration=2.56s
2026-05-06 09:53:21,101 INFO Waiting for stable file: /Users/jonasodones/Desktop/src/my_scraper/pcso_results.json stability_seconds=5.0 timeout=600.0
2026-05-06 09:53:29,119 INFO File is stable: /Users/jonasodones/Desktop/src/my_scraper/pcso_results.json size=195224
2026-05-06 09:53:29,119 INFO Starting analysis-default: /Users/jonasodones/Desktop/src/my_scraper/pcso_env/bin/python /Users/jonasodones/Desktop/src/my_scraper/analyze_pcso_results.py
2026-05-06 09:53:30,101 INFO analysis-default | Analyzed 1098 total draws across 13 games.
2026-05-06 09:53:30,101 INFO analysis-default | Selected game: Ultra Lotto 6/58 (53 historical draws)
2026-05-06 09:53:30,101 INFO analysis-default | Most common odd/even pattern: 3 odd / 3 even (14 draws)
2026-05-06 09:53:30,101 INFO analysis-default | Historical sum range: 102 to 294; median 186.0
2026-05-06 09:53:30,101 INFO analysis-default | Monte Carlo target combination: 1-58-25-43-26-16
2026-05-06 09:53:30,101 INFO analysis-default | Theoretical exact-match probability: 0.000000024706 (about 1 in 40,475,358)
2026-05-06 09:53:30,101 INFO analysis-default | Simulation hits: 0 of 200,000
2026-05-06 09:53:30,101 INFO analysis-default | Suggested combinations saved: 39
2026-05-06 09:53:30,101 INFO analysis-default | Outputs saved to: /Users/jonasodones/Desktop/src/my_scraper/analysis_outputs
2026-05-06 09:53:30,166 INFO Finished analysis-default exit_code=0 duration=1.05s
2026-05-06 09:53:30,166 INFO Starting analysis-suggestions-5: /Users/jonasodones/Desktop/src/my_scraper/pcso_env/bin/python /Users/jonasodones/Desktop/src/my_scraper/analyze_pcso_results.py --suggestions-per-game 5
2026-05-06 09:53:30,919 INFO analysis-suggestions-5 | Analyzed 1098 total draws across 13 games.
2026-05-06 09:53:30,919 INFO analysis-suggestions-5 | Selected game: Ultra Lotto 6/58 (53 historical draws)
2026-05-06 09:53:30,919 INFO analysis-suggestions-5 | Most common odd/even pattern: 3 odd / 3 even (14 draws)
2026-05-06 09:53:30,919 INFO analysis-suggestions-5 | Historical sum range: 102 to 294; median 186.0
2026-05-06 09:53:30,919 INFO analysis-suggestions-5 | Monte Carlo target combination: 1-58-25-43-26-16
2026-05-06 09:53:30,919 INFO analysis-suggestions-5 | Theoretical exact-match probability: 0.000000024706 (about 1 in 40,475,358)
2026-05-06 09:53:30,919 INFO analysis-suggestions-5 | Simulation hits: 0 of 200,000
2026-05-06 09:53:30,919 INFO analysis-suggestions-5 | Suggested combinations saved: 65
2026-05-06 09:53:30,919 INFO analysis-suggestions-5 | Outputs saved to: /Users/jonasodones/Desktop/src/my_scraper/analysis_outputs
2026-05-06 09:53:30,978 INFO Finished analysis-suggestions-5 exit_code=0 duration=0.81s
2026-05-06 09:53:30,979 INFO Pipeline completed successfully
2026-05-06 09:55:03,695 INFO Pipeline requested project_root=/Users/jonasodones/Desktop/src/my_scraper
2026-05-06 09:55:03,695 INFO Waiting for exclusive pipeline lock: /Users/jonasodones/Desktop/src/my_scraper/.pipeline.lock
2026-05-06 09:55:03,695 INFO Acquired exclusive pipeline lock
2026-05-06 09:55:03,695 INFO Starting synchronize: true
2026-05-06 09:55:03,699 INFO Finished synchronize exit_code=0 duration=0.00s
2026-05-06 09:55:03,699 INFO Cleaning stale output: /Users/jonasodones/Desktop/src/my_scraper/pcso_results.json
2026-05-06 09:55:03,699 INFO Deleting files inside analysis directory: /Users/jonasodones/Desktop/src/my_scraper/analysis_outputs
2026-05-06 09:55:03,699 INFO Starting scraper: /Users/jonasodones/Desktop/src/my_scraper/pcso_env/bin/python pcso_lottery_scraper.py
2026-05-06 09:55:03,723 INFO scraper |   File "/Users/jonasodones/Desktop/src/my_scraper/pcso_lottery_scraper.py", line 45
2026-05-06 09:55:03,723 INFO scraper |     "ctl00$ctl00$cphContainer$cpContent$ddlStartYear": 2024
2026-05-06 09:55:03,723 INFO scraper |                                                        ^^^^
2026-05-06 09:55:03,723 INFO scraper | SyntaxError: invalid syntax. Perhaps you forgot a comma?
2026-05-06 09:55:03,725 INFO Finished scraper exit_code=1 duration=0.03s
2026-05-06 09:55:03,725 ERROR Pipeline failed: scraper failed with exit code 1
Traceback (most recent call last):
  File "/Users/jonasodones/Desktop/src/my_scraper/./scripts/auto_pipeline.py", line 273, in main
    PcsoPipeline(config).run()
    ~~~~~~~~~~~~~~~~~~~~~~~~^^
  File "/Users/jonasodones/Desktop/src/my_scraper/./scripts/auto_pipeline.py", line 76, in run
    self._run_locked()
    ~~~~~~~~~~~~~~~~^^
  File "/Users/jonasodones/Desktop/src/my_scraper/./scripts/auto_pipeline.py", line 88, in _run_locked
    self.run_command("scraper", self.config.scraper_cmd, shell=True)
    ~~~~~~~~~~~~~~~~^^^^^^^^^^^^^^^^^^^^^^^^^^^^^^^^^^^^^^^^^^^^^^^^
  File "/Users/jonasodones/Desktop/src/my_scraper/./scripts/auto_pipeline.py", line 190, in run_command
    raise PipelineError(f"{label} failed with exit code {exit_code}")
PipelineError: scraper failed with exit code 1
2026-05-06 09:55:15,056 INFO Pipeline requested project_root=/Users/jonasodones/Desktop/src/my_scraper
2026-05-06 09:55:15,056 INFO Waiting for exclusive pipeline lock: /Users/jonasodones/Desktop/src/my_scraper/.pipeline.lock
2026-05-06 09:55:15,056 INFO Acquired exclusive pipeline lock
2026-05-06 09:55:15,056 INFO Starting synchronize: true
2026-05-06 09:55:15,060 INFO Finished synchronize exit_code=0 duration=0.00s
2026-05-06 09:55:15,060 INFO Cleaning stale output: /Users/jonasodones/Desktop/src/my_scraper/pcso_results.json
2026-05-06 09:55:15,060 INFO Deleting files inside analysis directory: /Users/jonasodones/Desktop/src/my_scraper/analysis_outputs
2026-05-06 09:55:15,060 INFO Starting scraper: /Users/jonasodones/Desktop/src/my_scraper/pcso_env/bin/python pcso_lottery_scraper.py
2026-05-06 09:55:15,083 INFO scraper |   File "/Users/jonasodones/Desktop/src/my_scraper/pcso_lottery_scraper.py", line 45
2026-05-06 09:55:15,083 INFO scraper |     "ctl00$ctl00$cphContainer$cpContent$ddlStartYear": 2024
2026-05-06 09:55:15,083 INFO scraper |                                                        ^^^^
2026-05-06 09:55:15,083 INFO scraper | SyntaxError: invalid syntax. Perhaps you forgot a comma?
2026-05-06 09:55:15,085 INFO Finished scraper exit_code=1 duration=0.03s
2026-05-06 09:55:15,085 ERROR Pipeline failed: scraper failed with exit code 1
Traceback (most recent call last):
  File "/Users/jonasodones/Desktop/src/my_scraper/./scripts/auto_pipeline.py", line 273, in main
    PcsoPipeline(config).run()
    ~~~~~~~~~~~~~~~~~~~~~~~~^^
  File "/Users/jonasodones/Desktop/src/my_scraper/./scripts/auto_pipeline.py", line 76, in run
    self._run_locked()
    ~~~~~~~~~~~~~~~~^^
  File "/Users/jonasodones/Desktop/src/my_scraper/./scripts/auto_pipeline.py", line 88, in _run_locked
    self.run_command("scraper", self.config.scraper_cmd, shell=True)
    ~~~~~~~~~~~~~~~~^^^^^^^^^^^^^^^^^^^^^^^^^^^^^^^^^^^^^^^^^^^^^^^^
  File "/Users/jonasodones/Desktop/src/my_scraper/./scripts/auto_pipeline.py", line 190, in run_command
    raise PipelineError(f"{label} failed with exit code {exit_code}")
PipelineError: scraper failed with exit code 1
2026-05-06 09:55:43,372 INFO Pipeline requested project_root=/Users/jonasodones/Desktop/src/my_scraper
2026-05-06 09:55:43,372 INFO Waiting for exclusive pipeline lock: /Users/jonasodones/Desktop/src/my_scraper/.pipeline.lock
2026-05-06 09:55:43,372 INFO Acquired exclusive pipeline lock
2026-05-06 09:55:43,372 INFO Starting synchronize: true
2026-05-06 09:55:43,376 INFO Finished synchronize exit_code=0 duration=0.00s
2026-05-06 09:55:43,376 INFO Cleaning stale output: /Users/jonasodones/Desktop/src/my_scraper/pcso_results.json
2026-05-06 09:55:43,376 INFO Deleting files inside analysis directory: /Users/jonasodones/Desktop/src/my_scraper/analysis_outputs
2026-05-06 09:55:43,376 INFO Starting scraper: /Users/jonasodones/Desktop/src/my_scraper/pcso_env/bin/python pcso_lottery_scraper.py
2026-05-06 09:55:43,399 INFO scraper |   File "/Users/jonasodones/Desktop/src/my_scraper/pcso_lottery_scraper.py", line 45
2026-05-06 09:55:43,399 INFO scraper |     "ctl00$ctl00$cphContainer$cpContent$ddlStartYear": 2024
2026-05-06 09:55:43,399 INFO scraper |                                                        ^^^^
2026-05-06 09:55:43,399 INFO scraper | SyntaxError: invalid syntax. Perhaps you forgot a comma?
2026-05-06 09:55:43,401 INFO Finished scraper exit_code=1 duration=0.02s
2026-05-06 09:55:43,401 ERROR Pipeline failed: scraper failed with exit code 1
Traceback (most recent call last):
  File "/Users/jonasodones/Desktop/src/my_scraper/./scripts/auto_pipeline.py", line 273, in main
    PcsoPipeline(config).run()
    ~~~~~~~~~~~~~~~~~~~~~~~~^^
  File "/Users/jonasodones/Desktop/src/my_scraper/./scripts/auto_pipeline.py", line 76, in run
    self._run_locked()
    ~~~~~~~~~~~~~~~~^^
  File "/Users/jonasodones/Desktop/src/my_scraper/./scripts/auto_pipeline.py", line 88, in _run_locked
    self.run_command("scraper", self.config.scraper_cmd, shell=True)
    ~~~~~~~~~~~~~~~~^^^^^^^^^^^^^^^^^^^^^^^^^^^^^^^^^^^^^^^^^^^^^^^^
  File "/Users/jonasodones/Desktop/src/my_scraper/./scripts/auto_pipeline.py", line 190, in run_command
    raise PipelineError(f"{label} failed with exit code {exit_code}")
PipelineError: scraper failed with exit code 1
2026-05-06 09:56:03,572 INFO Pipeline requested project_root=/Users/jonasodones/Desktop/src/my_scraper
2026-05-06 09:56:03,573 INFO Waiting for exclusive pipeline lock: /Users/jonasodones/Desktop/src/my_scraper/.pipeline.lock
2026-05-06 09:56:03,573 INFO Acquired exclusive pipeline lock
2026-05-06 09:56:03,573 INFO Starting synchronize: true
2026-05-06 09:56:03,576 INFO Finished synchronize exit_code=0 duration=0.00s
2026-05-06 09:56:03,576 INFO Cleaning stale output: /Users/jonasodones/Desktop/src/my_scraper/pcso_results.json
2026-05-06 09:56:03,576 INFO Deleting files inside analysis directory: /Users/jonasodones/Desktop/src/my_scraper/analysis_outputs
2026-05-06 09:56:03,576 INFO Starting scraper: /Users/jonasodones/Desktop/src/my_scraper/pcso_env/bin/python pcso_lottery_scraper.py
2026-05-06 09:56:03,602 INFO scraper |   File "/Users/jonasodones/Desktop/src/my_scraper/pcso_lottery_scraper.py", line 45
2026-05-06 09:56:03,602 INFO scraper |     "ctl00$ctl00$cphContainer$cpContent$ddlStartYear": 2024
2026-05-06 09:56:03,602 INFO scraper |                                                        ^^^^
2026-05-06 09:56:03,602 INFO scraper | SyntaxError: invalid syntax. Perhaps you forgot a comma?
2026-05-06 09:56:03,604 INFO Finished scraper exit_code=1 duration=0.03s
2026-05-06 09:56:03,604 ERROR Pipeline failed: scraper failed with exit code 1
Traceback (most recent call last):
  File "/Users/jonasodones/Desktop/src/my_scraper/./scripts/auto_pipeline.py", line 273, in main
    PcsoPipeline(config).run()
    ~~~~~~~~~~~~~~~~~~~~~~~~^^
  File "/Users/jonasodones/Desktop/src/my_scraper/./scripts/auto_pipeline.py", line 76, in run
    self._run_locked()
    ~~~~~~~~~~~~~~~~^^
  File "/Users/jonasodones/Desktop/src/my_scraper/./scripts/auto_pipeline.py", line 88, in _run_locked
    self.run_command("scraper", self.config.scraper_cmd, shell=True)
    ~~~~~~~~~~~~~~~~^^^^^^^^^^^^^^^^^^^^^^^^^^^^^^^^^^^^^^^^^^^^^^^^
  File "/Users/jonasodones/Desktop/src/my_scraper/./scripts/auto_pipeline.py", line 190, in run_command
    raise PipelineError(f"{label} failed with exit code {exit_code}")
PipelineError: scraper failed with exit code 1
2026-05-06 09:56:16,139 INFO Pipeline requested project_root=/Users/jonasodones/Desktop/src/my_scraper
2026-05-06 09:56:16,139 INFO Waiting for exclusive pipeline lock: /Users/jonasodones/Desktop/src/my_scraper/.pipeline.lock
2026-05-06 09:56:16,139 INFO Acquired exclusive pipeline lock
2026-05-06 09:56:16,139 INFO Starting synchronize: true
2026-05-06 09:56:16,143 INFO Finished synchronize exit_code=0 duration=0.00s
2026-05-06 09:56:16,143 INFO Cleaning stale output: /Users/jonasodones/Desktop/src/my_scraper/pcso_results.json
2026-05-06 09:56:16,143 INFO Deleting files inside analysis directory: /Users/jonasodones/Desktop/src/my_scraper/analysis_outputs
2026-05-06 09:56:16,143 INFO Starting scraper: /Users/jonasodones/Desktop/src/my_scraper/pcso_env/bin/python pcso_lottery_scraper.py
2026-05-06 09:56:16,183 INFO scraper |   File "/Users/jonasodones/Desktop/src/my_scraper/pcso_lottery_scraper.py", line 45
2026-05-06 09:56:16,183 INFO scraper |     "ctl00$ctl00$cphContainer$cpContent$ddlStartYear": 2024
2026-05-06 09:56:16,183 INFO scraper |                                                        ^^^^
2026-05-06 09:56:16,183 INFO scraper | SyntaxError: invalid syntax. Perhaps you forgot a comma?
2026-05-06 09:56:16,187 INFO Finished scraper exit_code=1 duration=0.04s
2026-05-06 09:56:16,187 ERROR Pipeline failed: scraper failed with exit code 1
Traceback (most recent call last):
  File "/Users/jonasodones/Desktop/src/my_scraper/./scripts/auto_pipeline.py", line 273, in main
    PcsoPipeline(config).run()
    ~~~~~~~~~~~~~~~~~~~~~~~~^^
  File "/Users/jonasodones/Desktop/src/my_scraper/./scripts/auto_pipeline.py", line 76, in run
    self._run_locked()
    ~~~~~~~~~~~~~~~~^^
  File "/Users/jonasodones/Desktop/src/my_scraper/./scripts/auto_pipeline.py", line 88, in _run_locked
    self.run_command("scraper", self.config.scraper_cmd, shell=True)
    ~~~~~~~~~~~~~~~~^^^^^^^^^^^^^^^^^^^^^^^^^^^^^^^^^^^^^^^^^^^^^^^^
  File "/Users/jonasodones/Desktop/src/my_scraper/./scripts/auto_pipeline.py", line 190, in run_command
    raise PipelineError(f"{label} failed with exit code {exit_code}")
PipelineError: scraper failed with exit code 1
2026-05-06 09:56:25,207 INFO Pipeline requested project_root=/Users/jonasodones/Desktop/src/my_scraper
2026-05-06 09:56:25,208 INFO Waiting for exclusive pipeline lock: /Users/jonasodones/Desktop/src/my_scraper/.pipeline.lock
2026-05-06 09:56:25,208 INFO Acquired exclusive pipeline lock
2026-05-06 09:56:25,208 INFO Starting synchronize: true
2026-05-06 09:56:25,212 INFO Finished synchronize exit_code=0 duration=0.00s
2026-05-06 09:56:25,212 INFO Cleaning stale output: /Users/jonasodones/Desktop/src/my_scraper/pcso_results.json
2026-05-06 09:56:25,212 INFO Deleting files inside analysis directory: /Users/jonasodones/Desktop/src/my_scraper/analysis_outputs
2026-05-06 09:56:25,212 INFO Starting scraper: /Users/jonasodones/Desktop/src/my_scraper/pcso_env/bin/python pcso_lottery_scraper.py
2026-05-06 09:56:25,235 INFO scraper |   File "/Users/jonasodones/Desktop/src/my_scraper/pcso_lottery_scraper.py", line 45
2026-05-06 09:56:25,235 INFO scraper |     "ctl00$ctl00$cphContainer$cpContent$ddlStartYear": 2024
2026-05-06 09:56:25,235 INFO scraper |                                                        ^^^^
2026-05-06 09:56:25,235 INFO scraper | SyntaxError: invalid syntax. Perhaps you forgot a comma?
2026-05-06 09:56:25,238 INFO Finished scraper exit_code=1 duration=0.03s
2026-05-06 09:56:25,238 ERROR Pipeline failed: scraper failed with exit code 1
Traceback (most recent call last):
  File "/Users/jonasodones/Desktop/src/my_scraper/./scripts/auto_pipeline.py", line 273, in main
    PcsoPipeline(config).run()
    ~~~~~~~~~~~~~~~~~~~~~~~~^^
  File "/Users/jonasodones/Desktop/src/my_scraper/./scripts/auto_pipeline.py", line 76, in run
    self._run_locked()
    ~~~~~~~~~~~~~~~~^^
  File "/Users/jonasodones/Desktop/src/my_scraper/./scripts/auto_pipeline.py", line 88, in _run_locked
    self.run_command("scraper", self.config.scraper_cmd, shell=True)
    ~~~~~~~~~~~~~~~~^^^^^^^^^^^^^^^^^^^^^^^^^^^^^^^^^^^^^^^^^^^^^^^^
  File "/Users/jonasodones/Desktop/src/my_scraper/./scripts/auto_pipeline.py", line 190, in run_command
    raise PipelineError(f"{label} failed with exit code {exit_code}")
PipelineError: scraper failed with exit code 1
2026-05-06 09:56:41,473 INFO Pipeline requested project_root=/Users/jonasodones/Desktop/src/my_scraper
2026-05-06 09:56:41,474 INFO Waiting for exclusive pipeline lock: /Users/jonasodones/Desktop/src/my_scraper/.pipeline.lock
2026-05-06 09:56:41,474 INFO Acquired exclusive pipeline lock
2026-05-06 09:56:41,474 INFO Starting synchronize: true
2026-05-06 09:56:41,477 INFO Finished synchronize exit_code=0 duration=0.00s
2026-05-06 09:56:41,477 INFO Cleaning stale output: /Users/jonasodones/Desktop/src/my_scraper/pcso_results.json
2026-05-06 09:56:41,477 INFO Deleting files inside analysis directory: /Users/jonasodones/Desktop/src/my_scraper/analysis_outputs
2026-05-06 09:56:41,477 INFO Starting scraper: /Users/jonasodones/Desktop/src/my_scraper/pcso_env/bin/python pcso_lottery_scraper.py
2026-05-06 09:56:41,500 INFO scraper |   File "/Users/jonasodones/Desktop/src/my_scraper/pcso_lottery_scraper.py", line 45
2026-05-06 09:56:41,501 INFO scraper |     "ctl00$ctl00$cphContainer$cpContent$ddlStartYear": 2024
2026-05-06 09:56:41,501 INFO scraper |                                                        ^^^^
2026-05-06 09:56:41,501 INFO scraper | SyntaxError: invalid syntax. Perhaps you forgot a comma?
2026-05-06 09:56:41,503 INFO Finished scraper exit_code=1 duration=0.03s
2026-05-06 09:56:41,503 ERROR Pipeline failed: scraper failed with exit code 1
Traceback (most recent call last):
  File "/Users/jonasodones/Desktop/src/my_scraper/./scripts/auto_pipeline.py", line 273, in main
    PcsoPipeline(config).run()
    ~~~~~~~~~~~~~~~~~~~~~~~~^^
  File "/Users/jonasodones/Desktop/src/my_scraper/./scripts/auto_pipeline.py", line 76, in run
    self._run_locked()
    ~~~~~~~~~~~~~~~~^^
  File "/Users/jonasodones/Desktop/src/my_scraper/./scripts/auto_pipeline.py", line 88, in _run_locked
    self.run_command("scraper", self.config.scraper_cmd, shell=True)
    ~~~~~~~~~~~~~~~~^^^^^^^^^^^^^^^^^^^^^^^^^^^^^^^^^^^^^^^^^^^^^^^^
  File "/Users/jonasodones/Desktop/src/my_scraper/./scripts/auto_pipeline.py", line 190, in run_command
    raise PipelineError(f"{label} failed with exit code {exit_code}")
PipelineError: scraper failed with exit code 1
2026-05-06 09:58:03,186 INFO Pipeline requested project_root=/Users/jonasodones/Desktop/src/my_scraper
2026-05-06 09:58:03,187 INFO Waiting for exclusive pipeline lock: /Users/jonasodones/Desktop/src/my_scraper/.pipeline.lock
2026-05-06 09:58:03,187 INFO Acquired exclusive pipeline lock
2026-05-06 09:58:03,187 INFO Starting synchronize: true
2026-05-06 09:58:03,191 INFO Finished synchronize exit_code=0 duration=0.00s
2026-05-06 09:58:03,192 INFO Cleaning stale output: /Users/jonasodones/Desktop/src/my_scraper/pcso_results.json
2026-05-06 09:58:03,192 INFO Deleting files inside analysis directory: /Users/jonasodones/Desktop/src/my_scraper/analysis_outputs
2026-05-06 09:58:03,192 INFO Starting scraper: /Users/jonasodones/Desktop/src/my_scraper/pcso_env/bin/python pcso_lottery_scraper.py
2026-05-06 09:58:03,355 INFO scraper | Connecting to PCSO as a browser (Stealth Mode)...
2026-05-06 09:58:03,355 INFO scraper | Scrape failed: Failed to perform, curl: (6) Could not resolve host: www.pcso.gov.ph. See https://curl.se/libcurl/c/libcurl-errors.html first for more details.
2026-05-06 09:58:03,355 INFO scraper | Hint: If this still fails, the site may be using JavaScript-based challenges (Cloudflare/Imperva).
2026-05-06 09:58:03,367 INFO Finished scraper exit_code=1 duration=0.18s
2026-05-06 09:58:03,368 ERROR Pipeline failed: scraper failed with exit code 1
Traceback (most recent call last):
  File "/Users/jonasodones/Desktop/src/my_scraper/./scripts/auto_pipeline.py", line 273, in main
    PcsoPipeline(config).run()
    ~~~~~~~~~~~~~~~~~~~~~~~~^^
  File "/Users/jonasodones/Desktop/src/my_scraper/./scripts/auto_pipeline.py", line 76, in run
    self._run_locked()
    ~~~~~~~~~~~~~~~~^^
  File "/Users/jonasodones/Desktop/src/my_scraper/./scripts/auto_pipeline.py", line 88, in _run_locked
    self.run_command("scraper", self.config.scraper_cmd, shell=True)
    ~~~~~~~~~~~~~~~~^^^^^^^^^^^^^^^^^^^^^^^^^^^^^^^^^^^^^^^^^^^^^^^^
  File "/Users/jonasodones/Desktop/src/my_scraper/./scripts/auto_pipeline.py", line 190, in run_command
    raise PipelineError(f"{label} failed with exit code {exit_code}")
PipelineError: scraper failed with exit code 1
2026-05-06 09:58:17,628 INFO Pipeline requested project_root=/Users/jonasodones/Desktop/src/my_scraper
2026-05-06 09:58:17,628 INFO Waiting for exclusive pipeline lock: /Users/jonasodones/Desktop/src/my_scraper/.pipeline.lock
2026-05-06 09:58:17,628 INFO Acquired exclusive pipeline lock
2026-05-06 09:58:17,628 INFO Starting synchronize: true
2026-05-06 09:58:17,633 INFO Finished synchronize exit_code=0 duration=0.00s
2026-05-06 09:58:17,633 INFO Cleaning stale output: /Users/jonasodones/Desktop/src/my_scraper/pcso_results.json
2026-05-06 09:58:17,633 INFO Deleting files inside analysis directory: /Users/jonasodones/Desktop/src/my_scraper/analysis_outputs
2026-05-06 09:58:17,633 INFO Starting scraper: /Users/jonasodones/Desktop/src/my_scraper/pcso_env/bin/python pcso_lottery_scraper.py
2026-05-06 09:58:21,477 INFO scraper | Connecting to PCSO as a browser (Stealth Mode)...
2026-05-06 09:58:21,477 INFO scraper | Wait for 2 seconds to mimic human reading time...
2026-05-06 09:58:21,477 INFO scraper | Submitting search request...
2026-05-06 09:58:21,477 INFO scraper | Success! 7607 results saved to /Users/jonasodones/Desktop/src/my_scraper/pcso_results.json
2026-05-06 09:58:21,530 INFO Finished scraper exit_code=0 duration=3.90s
2026-05-06 09:58:21,530 INFO Waiting for stable file: /Users/jonasodones/Desktop/src/my_scraper/pcso_results.json stability_seconds=5.0 timeout=600.0
2026-05-06 09:58:29,550 INFO File is stable: /Users/jonasodones/Desktop/src/my_scraper/pcso_results.json size=1354270
2026-05-06 09:58:29,551 INFO Starting analysis-default: /Users/jonasodones/Desktop/src/my_scraper/pcso_env/bin/python /Users/jonasodones/Desktop/src/my_scraper/analyze_pcso_results.py
2026-05-06 09:58:30,562 INFO analysis-default | Analyzed 7607 total draws across 13 games.
2026-05-06 09:58:30,563 INFO analysis-default | Selected game: Ultra Lotto 6/58 (363 historical draws)
2026-05-06 09:58:30,563 INFO analysis-default | Most common odd/even pattern: 3 odd / 3 even (125 draws)
2026-05-06 09:58:30,563 INFO analysis-default | Historical sum range: 72 to 305; median 180.0
2026-05-06 09:58:30,563 INFO analysis-default | Monte Carlo target combination: 1-58-25-43-26-16
2026-05-06 09:58:30,563 INFO analysis-default | Theoretical exact-match probability: 0.000000024706 (about 1 in 40,475,358)
2026-05-06 09:58:30,563 INFO analysis-default | Simulation hits: 0 of 200,000
2026-05-06 09:58:30,563 INFO analysis-default | Suggested combinations saved: 39
2026-05-06 09:58:30,563 INFO analysis-default | Outputs saved to: /Users/jonasodones/Desktop/src/my_scraper/analysis_outputs
2026-05-06 09:58:30,638 INFO Finished analysis-default exit_code=0 duration=1.09s
2026-05-06 09:58:30,638 INFO Starting analysis-suggestions-5: /Users/jonasodones/Desktop/src/my_scraper/pcso_env/bin/python /Users/jonasodones/Desktop/src/my_scraper/analyze_pcso_results.py --suggestions-per-game 5
2026-05-06 09:58:31,434 INFO analysis-suggestions-5 | Analyzed 7607 total draws across 13 games.
2026-05-06 09:58:31,434 INFO analysis-suggestions-5 | Selected game: Ultra Lotto 6/58 (363 historical draws)
2026-05-06 09:58:31,434 INFO analysis-suggestions-5 | Most common odd/even pattern: 3 odd / 3 even (125 draws)
2026-05-06 09:58:31,434 INFO analysis-suggestions-5 | Historical sum range: 72 to 305; median 180.0
2026-05-06 09:58:31,434 INFO analysis-suggestions-5 | Monte Carlo target combination: 1-58-25-43-26-16
2026-05-06 09:58:31,434 INFO analysis-suggestions-5 | Theoretical exact-match probability: 0.000000024706 (about 1 in 40,475,358)
2026-05-06 09:58:31,434 INFO analysis-suggestions-5 | Simulation hits: 0 of 200,000
2026-05-06 09:58:31,434 INFO analysis-suggestions-5 | Suggested combinations saved: 65
2026-05-06 09:58:31,434 INFO analysis-suggestions-5 | Outputs saved to: /Users/jonasodones/Desktop/src/my_scraper/analysis_outputs
2026-05-06 09:58:31,497 INFO Finished analysis-suggestions-5 exit_code=0 duration=0.86s
2026-05-06 09:58:31,497 INFO Pipeline completed successfully
2026-05-06 09:59:38,470 INFO Pipeline requested project_root=/Users/jonasodones/Desktop/src/my_scraper
2026-05-06 09:59:38,471 INFO Waiting for exclusive pipeline lock: /Users/jonasodones/Desktop/src/my_scraper/.pipeline.lock
2026-05-06 09:59:38,471 INFO Acquired exclusive pipeline lock
2026-05-06 09:59:38,471 INFO Starting synchronize: true
2026-05-06 09:59:38,474 INFO Finished synchronize exit_code=0 duration=0.00s
2026-05-06 09:59:38,475 INFO Cleaning stale output: /Users/jonasodones/Desktop/src/my_scraper/pcso_results.json
2026-05-06 09:59:38,475 INFO Deleting files inside analysis directory: /Users/jonasodones/Desktop/src/my_scraper/analysis_outputs
2026-05-06 09:59:38,475 INFO Starting scraper: /Users/jonasodones/Desktop/src/my_scraper/pcso_env/bin/python pcso_lottery_scraper.py
2026-05-06 09:59:41,727 INFO scraper | Connecting to PCSO as a browser (Stealth Mode)...
2026-05-06 09:59:41,727 INFO scraper | Wait for 2 seconds to mimic human reading time...
2026-05-06 09:59:41,727 INFO scraper | Submitting search request...
2026-05-06 09:59:41,727 INFO scraper | Success! 7607 results saved to /Users/jonasodones/Desktop/src/my_scraper/pcso_results.json
2026-05-06 09:59:41,777 INFO Finished scraper exit_code=0 duration=3.30s
2026-05-06 09:59:41,777 INFO Waiting for stable file: /Users/jonasodones/Desktop/src/my_scraper/pcso_results.json stability_seconds=5.0 timeout=600.0
2026-05-06 09:59:49,792 INFO File is stable: /Users/jonasodones/Desktop/src/my_scraper/pcso_results.json size=1354270
2026-05-06 09:59:49,792 INFO Starting analysis-default: /Users/jonasodones/Desktop/src/my_scraper/pcso_env/bin/python /Users/jonasodones/Desktop/src/my_scraper/analyze_pcso_results.py
2026-05-06 09:59:50,767 INFO analysis-default | Analyzed 7607 total draws across 13 games.
2026-05-06 09:59:50,767 INFO analysis-default | Selected game: Ultra Lotto 6/58 (363 historical draws)
2026-05-06 09:59:50,767 INFO analysis-default | Most common odd/even pattern: 3 odd / 3 even (125 draws)
2026-05-06 09:59:50,767 INFO analysis-default | Historical sum range: 72 to 305; median 180.0
2026-05-06 09:59:50,767 INFO analysis-default | Monte Carlo target combination: 1-58-25-43-26-16
2026-05-06 09:59:50,767 INFO analysis-default | Theoretical exact-match probability: 0.000000024706 (about 1 in 40,475,358)
2026-05-06 09:59:50,767 INFO analysis-default | Simulation hits: 0 of 200,000
2026-05-06 09:59:50,767 INFO analysis-default | Suggested combinations saved: 39
2026-05-06 09:59:50,767 INFO analysis-default | Outputs saved to: /Users/jonasodones/Desktop/src/my_scraper/analysis_outputs
2026-05-06 09:59:50,829 INFO Finished analysis-default exit_code=0 duration=1.04s
2026-05-06 09:59:50,829 INFO Starting analysis-suggestions-5: /Users/jonasodones/Desktop/src/my_scraper/pcso_env/bin/python /Users/jonasodones/Desktop/src/my_scraper/analyze_pcso_results.py --suggestions-per-game 5
2026-05-06 09:59:51,575 INFO analysis-suggestions-5 | Analyzed 7607 total draws across 13 games.
2026-05-06 09:59:51,575 INFO analysis-suggestions-5 | Selected game: Ultra Lotto 6/58 (363 historical draws)
2026-05-06 09:59:51,575 INFO analysis-suggestions-5 | Most common odd/even pattern: 3 odd / 3 even (125 draws)
2026-05-06 09:59:51,575 INFO analysis-suggestions-5 | Historical sum range: 72 to 305; median 180.0
2026-05-06 09:59:51,575 INFO analysis-suggestions-5 | Monte Carlo target combination: 1-58-25-43-26-16
2026-05-06 09:59:51,575 INFO analysis-suggestions-5 | Theoretical exact-match probability: 0.000000024706 (about 1 in 40,475,358)
2026-05-06 09:59:51,575 INFO analysis-suggestions-5 | Simulation hits: 0 of 200,000
2026-05-06 09:59:51,575 INFO analysis-suggestions-5 | Suggested combinations saved: 65
2026-05-06 09:59:51,575 INFO analysis-suggestions-5 | Outputs saved to: /Users/jonasodones/Desktop/src/my_scraper/analysis_outputs
2026-05-06 09:59:51,633 INFO Finished analysis-suggestions-5 exit_code=0 duration=0.80s
2026-05-06 09:59:51,633 INFO Pipeline completed successfully
2026-05-06 10:00:09,732 INFO Pipeline requested project_root=/Users/jonasodones/Desktop/src/my_scraper
2026-05-06 10:00:09,732 INFO Waiting for exclusive pipeline lock: /Users/jonasodones/Desktop/src/my_scraper/.pipeline.lock
2026-05-06 10:00:09,732 INFO Acquired exclusive pipeline lock
2026-05-06 10:00:09,732 INFO Starting synchronize: true
2026-05-06 10:00:09,741 INFO Finished synchronize exit_code=0 duration=0.01s
2026-05-06 10:00:09,742 INFO Cleaning stale output: /Users/jonasodones/Desktop/src/my_scraper/pcso_results.json
2026-05-06 10:00:09,742 INFO Deleting files inside analysis directory: /Users/jonasodones/Desktop/src/my_scraper/analysis_outputs
2026-05-06 10:00:09,743 INFO Starting scraper: /Users/jonasodones/Desktop/src/my_scraper/pcso_env/bin/python pcso_lottery_scraper.py
2026-05-06 10:00:13,268 INFO scraper | Connecting to PCSO as a browser (Stealth Mode)...
2026-05-06 10:00:13,268 INFO scraper | Wait for 2 seconds to mimic human reading time...
2026-05-06 10:00:13,268 INFO scraper | Submitting search request...
2026-05-06 10:00:13,268 INFO scraper | Success! 7607 results saved to /Users/jonasodones/Desktop/src/my_scraper/pcso_results.json
2026-05-06 10:00:13,317 INFO Finished scraper exit_code=0 duration=3.57s
2026-05-06 10:00:13,318 INFO Waiting for stable file: /Users/jonasodones/Desktop/src/my_scraper/pcso_results.json stability_seconds=5.0 timeout=600.0
2026-05-06 10:00:21,334 INFO File is stable: /Users/jonasodones/Desktop/src/my_scraper/pcso_results.json size=1354270
2026-05-06 10:00:21,334 INFO Starting analysis-default: /Users/jonasodones/Desktop/src/my_scraper/pcso_env/bin/python /Users/jonasodones/Desktop/src/my_scraper/analyze_pcso_results.py
2026-05-06 10:00:22,264 INFO analysis-default | Analyzed 7607 total draws across 13 games.
2026-05-06 10:00:22,264 INFO analysis-default | Selected game: Ultra Lotto 6/58 (363 historical draws)
2026-05-06 10:00:22,264 INFO analysis-default | Most common odd/even pattern: 3 odd / 3 even (125 draws)
2026-05-06 10:00:22,264 INFO analysis-default | Historical sum range: 72 to 305; median 180.0
2026-05-06 10:00:22,264 INFO analysis-default | Monte Carlo target combination: 1-58-25-43-26-16
2026-05-06 10:00:22,264 INFO analysis-default | Theoretical exact-match probability: 0.000000024706 (about 1 in 40,475,358)
2026-05-06 10:00:22,264 INFO analysis-default | Simulation hits: 0 of 200,000
2026-05-06 10:00:22,264 INFO analysis-default | Suggested combinations saved: 39
2026-05-06 10:00:22,264 INFO analysis-default | Outputs saved to: /Users/jonasodones/Desktop/src/my_scraper/analysis_outputs
2026-05-06 10:00:22,323 INFO Finished analysis-default exit_code=0 duration=0.99s
2026-05-06 10:00:22,323 INFO Starting analysis-suggestions-5: /Users/jonasodones/Desktop/src/my_scraper/pcso_env/bin/python /Users/jonasodones/Desktop/src/my_scraper/analyze_pcso_results.py --suggestions-per-game 5
2026-05-06 10:00:23,079 INFO analysis-suggestions-5 | Analyzed 7607 total draws across 13 games.
2026-05-06 10:00:23,079 INFO analysis-suggestions-5 | Selected game: Ultra Lotto 6/58 (363 historical draws)
2026-05-06 10:00:23,079 INFO analysis-suggestions-5 | Most common odd/even pattern: 3 odd / 3 even (125 draws)
2026-05-06 10:00:23,079 INFO analysis-suggestions-5 | Historical sum range: 72 to 305; median 180.0
2026-05-06 10:00:23,079 INFO analysis-suggestions-5 | Monte Carlo target combination: 1-58-25-43-26-16
2026-05-06 10:00:23,079 INFO analysis-suggestions-5 | Theoretical exact-match probability: 0.000000024706 (about 1 in 40,475,358)
2026-05-06 10:00:23,079 INFO analysis-suggestions-5 | Simulation hits: 0 of 200,000
2026-05-06 10:00:23,079 INFO analysis-suggestions-5 | Suggested combinations saved: 65
2026-05-06 10:00:23,079 INFO analysis-suggestions-5 | Outputs saved to: /Users/jonasodones/Desktop/src/my_scraper/analysis_outputs
2026-05-06 10:00:23,137 INFO Finished analysis-suggestions-5 exit_code=0 duration=0.81s
2026-05-06 10:00:23,138 INFO Pipeline completed successfully
2026-05-06 10:01:50,687 INFO Pipeline requested project_root=/Users/jonasodones/Desktop/src/my_scraper
2026-05-06 10:01:50,688 INFO Waiting for exclusive pipeline lock: /Users/jonasodones/Desktop/src/my_scraper/.pipeline.lock
2026-05-06 10:01:50,688 INFO Acquired exclusive pipeline lock
2026-05-06 10:01:50,688 INFO Starting synchronize: true
2026-05-06 10:01:50,692 INFO Finished synchronize exit_code=0 duration=0.00s
2026-05-06 10:01:50,692 INFO Cleaning stale output: /Users/jonasodones/Desktop/src/my_scraper/pcso_results.json
2026-05-06 10:01:50,693 INFO Deleting files inside analysis directory: /Users/jonasodones/Desktop/src/my_scraper/analysis_outputs
2026-05-06 10:01:50,693 INFO Starting scraper: /Users/jonasodones/Desktop/src/my_scraper/pcso_env/bin/python pcso_lottery_scraper.py
2026-05-06 10:01:54,093 INFO scraper | Connecting to PCSO as a browser (Stealth Mode)...
2026-05-06 10:01:54,093 INFO scraper | Wait for 2 seconds to mimic human reading time...
2026-05-06 10:01:54,093 INFO scraper | Submitting search request...
2026-05-06 10:01:54,093 INFO scraper | Success! 7607 results saved to /Users/jonasodones/Desktop/src/my_scraper/pcso_results.json
2026-05-06 10:01:54,143 INFO Finished scraper exit_code=0 duration=3.45s
2026-05-06 10:01:54,144 INFO Waiting for stable file: /Users/jonasodones/Desktop/src/my_scraper/pcso_results.json stability_seconds=5.0 timeout=600.0
2026-05-06 10:02:02,165 INFO File is stable: /Users/jonasodones/Desktop/src/my_scraper/pcso_results.json size=1354270
2026-05-06 10:02:02,165 INFO Starting analysis-default: /Users/jonasodones/Desktop/src/my_scraper/pcso_env/bin/python /Users/jonasodones/Desktop/src/my_scraper/analyze_pcso_results.py
2026-05-06 10:02:03,129 INFO analysis-default | Analyzed 7607 total draws across 13 games.
2026-05-06 10:02:03,129 INFO analysis-default | Selected game: Ultra Lotto 6/58 (363 historical draws)
2026-05-06 10:02:03,129 INFO analysis-default | Most common odd/even pattern: 3 odd / 3 even (125 draws)
2026-05-06 10:02:03,129 INFO analysis-default | Historical sum range: 72 to 305; median 180.0
2026-05-06 10:02:03,129 INFO analysis-default | Monte Carlo target combination: 1-58-25-43-26-16
2026-05-06 10:02:03,129 INFO analysis-default | Theoretical exact-match probability: 0.000000024706 (about 1 in 40,475,358)
2026-05-06 10:02:03,129 INFO analysis-default | Simulation hits: 0 of 200,000
2026-05-06 10:02:03,129 INFO analysis-default | Suggested combinations saved: 39
2026-05-06 10:02:03,129 INFO analysis-default | Outputs saved to: /Users/jonasodones/Desktop/src/my_scraper/analysis_outputs
2026-05-06 10:02:03,194 INFO Finished analysis-default exit_code=0 duration=1.03s
2026-05-06 10:02:03,195 INFO Starting analysis-suggestions-5: /Users/jonasodones/Desktop/src/my_scraper/pcso_env/bin/python /Users/jonasodones/Desktop/src/my_scraper/analyze_pcso_results.py --suggestions-per-game 5
2026-05-06 10:02:03,948 INFO analysis-suggestions-5 | Analyzed 7607 total draws across 13 games.
2026-05-06 10:02:03,948 INFO analysis-suggestions-5 | Selected game: Ultra Lotto 6/58 (363 historical draws)
2026-05-06 10:02:03,948 INFO analysis-suggestions-5 | Most common odd/even pattern: 3 odd / 3 even (125 draws)
2026-05-06 10:02:03,948 INFO analysis-suggestions-5 | Historical sum range: 72 to 305; median 180.0
2026-05-06 10:02:03,948 INFO analysis-suggestions-5 | Monte Carlo target combination: 1-58-25-43-26-16
2026-05-06 10:02:03,948 INFO analysis-suggestions-5 | Theoretical exact-match probability: 0.000000024706 (about 1 in 40,475,358)
2026-05-06 10:02:03,948 INFO analysis-suggestions-5 | Simulation hits: 0 of 200,000
2026-05-06 10:02:03,948 INFO analysis-suggestions-5 | Suggested combinations saved: 65
2026-05-06 10:02:03,948 INFO analysis-suggestions-5 | Outputs saved to: /Users/jonasodones/Desktop/src/my_scraper/analysis_outputs
2026-05-06 10:02:04,007 INFO Finished analysis-suggestions-5 exit_code=0 duration=0.81s
2026-05-06 10:02:04,007 INFO Pipeline completed successfully
2026-05-06 10:04:56,033 INFO Pipeline requested project_root=/Users/jonasodones/Desktop/src/my_scraper
2026-05-06 10:04:56,033 INFO Waiting for exclusive pipeline lock: /Users/jonasodones/Desktop/src/my_scraper/.pipeline.lock
2026-05-06 10:04:56,033 INFO Acquired exclusive pipeline lock
2026-05-06 10:04:56,033 INFO Starting synchronize: true
2026-05-06 10:04:56,038 INFO Finished synchronize exit_code=0 duration=0.00s
2026-05-06 10:04:56,038 INFO Cleaning stale output: /Users/jonasodones/Desktop/src/my_scraper/pcso_results.json
2026-05-06 10:04:56,038 INFO Deleting files inside analysis directory: /Users/jonasodones/Desktop/src/my_scraper/analysis_outputs
2026-05-06 10:04:56,039 INFO Starting scraper: /Users/jonasodones/Desktop/src/my_scraper/pcso_env/bin/python pcso_lottery_scraper.py
2026-05-06 10:05:09,002 INFO scraper | Connecting to PCSO as a browser (Stealth Mode)...
2026-05-06 10:05:09,002 INFO scraper | Wait for 2 seconds to mimic human reading time...
2026-05-06 10:05:09,002 INFO scraper | Submitting search request...
2026-05-06 10:05:09,002 INFO scraper | Success! 32079 results saved to /Users/jonasodones/Desktop/src/my_scraper/pcso_results.json
2026-05-06 10:05:09,331 INFO Finished scraper exit_code=0 duration=13.29s
2026-05-06 10:05:09,331 INFO Waiting for stable file: /Users/jonasodones/Desktop/src/my_scraper/pcso_results.json stability_seconds=5.0 timeout=600.0
2026-05-06 10:05:17,346 INFO File is stable: /Users/jonasodones/Desktop/src/my_scraper/pcso_results.json size=5712373
2026-05-06 10:05:17,347 INFO Starting analysis-default: /Users/jonasodones/Desktop/src/my_scraper/pcso_env/bin/python /Users/jonasodones/Desktop/src/my_scraper/analyze_pcso_results.py
2026-05-06 10:05:17,969 INFO analysis-default | Traceback (most recent call last):
2026-05-06 10:05:17,970 INFO analysis-default |   File "/Users/jonasodones/Desktop/src/my_scraper/analyze_pcso_results.py", line 347, in <module>
2026-05-06 10:05:17,970 INFO analysis-default |     main()
2026-05-06 10:05:17,970 INFO analysis-default |     ~~~~^^
2026-05-06 10:05:17,970 INFO analysis-default |   File "/Users/jonasodones/Desktop/src/my_scraper/analyze_pcso_results.py", line 300, in main
2026-05-06 10:05:17,970 INFO analysis-default |     freq_df = frequency_analysis(df)
2026-05-06 10:05:17,970 INFO analysis-default |   File "/Users/jonasodones/Desktop/src/my_scraper/analyze_pcso_results.py", line 51, in frequency_analysis
2026-05-06 10:05:17,970 INFO analysis-default |     exploded["numbers"] = exploded["numbers"].astype(int)
2026-05-06 10:05:17,970 INFO analysis-default |                           ~~~~~~~~~~~~~~~~~~~~~~~~~~^^^^^
2026-05-06 10:05:17,970 INFO analysis-default |   File "/Users/jonasodones/Desktop/src/my_scraper/pcso_env/lib/python3.14/site-packages/pandas/core/generic.py", line 6541, in astype
2026-05-06 10:05:17,970 INFO analysis-default |     new_data = self._mgr.astype(dtype=dtype, errors=errors)
2026-05-06 10:05:17,970 INFO analysis-default |   File "/Users/jonasodones/Desktop/src/my_scraper/pcso_env/lib/python3.14/site-packages/pandas/core/internals/managers.py", line 611, in astype
2026-05-06 10:05:17,970 INFO analysis-default |     return self.apply("astype", dtype=dtype, errors=errors)
2026-05-06 10:05:17,970 INFO analysis-default |            ~~~~~~~~~~^^^^^^^^^^^^^^^^^^^^^^^^^^^^^^^^^^^^^^
2026-05-06 10:05:17,970 INFO analysis-default |   File "/Users/jonasodones/Desktop/src/my_scraper/pcso_env/lib/python3.14/site-packages/pandas/core/internals/managers.py", line 442, in apply
2026-05-06 10:05:17,970 INFO analysis-default |     applied = getattr(b, f)(**kwargs)
2026-05-06 10:05:17,970 INFO analysis-default |   File "/Users/jonasodones/Desktop/src/my_scraper/pcso_env/lib/python3.14/site-packages/pandas/core/internals/blocks.py", line 607, in astype
2026-05-06 10:05:17,970 INFO analysis-default |     new_values = astype_array_safe(values, dtype, errors=errors)
2026-05-06 10:05:17,970 INFO analysis-default |   File "/Users/jonasodones/Desktop/src/my_scraper/pcso_env/lib/python3.14/site-packages/pandas/core/dtypes/astype.py", line 240, in astype_array_safe
2026-05-06 10:05:17,970 INFO analysis-default |     new_values = astype_array(values, dtype, copy=copy)
2026-05-06 10:05:17,970 INFO analysis-default |   File "/Users/jonasodones/Desktop/src/my_scraper/pcso_env/lib/python3.14/site-packages/pandas/core/dtypes/astype.py", line 185, in astype_array
2026-05-06 10:05:17,970 INFO analysis-default |     values = _astype_nansafe(values, dtype, copy=copy)
2026-05-06 10:05:17,970 INFO analysis-default |   File "/Users/jonasodones/Desktop/src/my_scraper/pcso_env/lib/python3.14/site-packages/pandas/core/dtypes/astype.py", line 134, in _astype_nansafe
2026-05-06 10:05:17,970 INFO analysis-default |     return arr.astype(dtype, copy=True)
2026-05-06 10:05:17,970 INFO analysis-default |            ~~~~~~~~~~^^^^^^^^^^^^^^^^^^
2026-05-06 10:05:17,970 INFO analysis-default | ValueError: cannot convert float NaN to integer
2026-05-06 10:05:18,036 INFO Finished analysis-default exit_code=1 duration=0.69s
2026-05-06 10:05:18,036 WARNING analysis-default failed on attempt 1/2; retrying in 10.0s
2026-05-06 10:05:28,041 INFO Starting analysis-default: /Users/jonasodones/Desktop/src/my_scraper/pcso_env/bin/python /Users/jonasodones/Desktop/src/my_scraper/analyze_pcso_results.py
2026-05-06 10:05:28,563 INFO analysis-default | Traceback (most recent call last):
2026-05-06 10:05:28,564 INFO analysis-default |   File "/Users/jonasodones/Desktop/src/my_scraper/analyze_pcso_results.py", line 347, in <module>
2026-05-06 10:05:28,564 INFO analysis-default |     main()
2026-05-06 10:05:28,564 INFO analysis-default |     ~~~~^^
2026-05-06 10:05:28,564 INFO analysis-default |   File "/Users/jonasodones/Desktop/src/my_scraper/analyze_pcso_results.py", line 300, in main
2026-05-06 10:05:28,564 INFO analysis-default |     freq_df = frequency_analysis(df)
2026-05-06 10:05:28,564 INFO analysis-default |   File "/Users/jonasodones/Desktop/src/my_scraper/analyze_pcso_results.py", line 51, in frequency_analysis
2026-05-06 10:05:28,564 INFO analysis-default |     exploded["numbers"] = exploded["numbers"].astype(int)
2026-05-06 10:05:28,564 INFO analysis-default |                           ~~~~~~~~~~~~~~~~~~~~~~~~~~^^^^^
2026-05-06 10:05:28,564 INFO analysis-default |   File "/Users/jonasodones/Desktop/src/my_scraper/pcso_env/lib/python3.14/site-packages/pandas/core/generic.py", line 6541, in astype
2026-05-06 10:05:28,564 INFO analysis-default |     new_data = self._mgr.astype(dtype=dtype, errors=errors)
2026-05-06 10:05:28,564 INFO analysis-default |   File "/Users/jonasodones/Desktop/src/my_scraper/pcso_env/lib/python3.14/site-packages/pandas/core/internals/managers.py", line 611, in astype
2026-05-06 10:05:28,564 INFO analysis-default |     return self.apply("astype", dtype=dtype, errors=errors)
2026-05-06 10:05:28,564 INFO analysis-default |            ~~~~~~~~~~^^^^^^^^^^^^^^^^^^^^^^^^^^^^^^^^^^^^^^
2026-05-06 10:05:28,564 INFO analysis-default |   File "/Users/jonasodones/Desktop/src/my_scraper/pcso_env/lib/python3.14/site-packages/pandas/core/internals/managers.py", line 442, in apply
2026-05-06 10:05:28,564 INFO analysis-default |     applied = getattr(b, f)(**kwargs)
2026-05-06 10:05:28,564 INFO analysis-default |   File "/Users/jonasodones/Desktop/src/my_scraper/pcso_env/lib/python3.14/site-packages/pandas/core/internals/blocks.py", line 607, in astype
2026-05-06 10:05:28,564 INFO analysis-default |     new_values = astype_array_safe(values, dtype, errors=errors)
2026-05-06 10:05:28,564 INFO analysis-default |   File "/Users/jonasodones/Desktop/src/my_scraper/pcso_env/lib/python3.14/site-packages/pandas/core/dtypes/astype.py", line 240, in astype_array_safe
2026-05-06 10:05:28,564 INFO analysis-default |     new_values = astype_array(values, dtype, copy=copy)
2026-05-06 10:05:28,564 INFO analysis-default |   File "/Users/jonasodones/Desktop/src/my_scraper/pcso_env/lib/python3.14/site-packages/pandas/core/dtypes/astype.py", line 185, in astype_array
2026-05-06 10:05:28,564 INFO analysis-default |     values = _astype_nansafe(values, dtype, copy=copy)
2026-05-06 10:05:28,564 INFO analysis-default |   File "/Users/jonasodones/Desktop/src/my_scraper/pcso_env/lib/python3.14/site-packages/pandas/core/dtypes/astype.py", line 134, in _astype_nansafe
2026-05-06 10:05:28,564 INFO analysis-default |     return arr.astype(dtype, copy=True)
2026-05-06 10:05:28,564 INFO analysis-default |            ~~~~~~~~~~^^^^^^^^^^^^^^^^^^
2026-05-06 10:05:28,564 INFO analysis-default | ValueError: cannot convert float NaN to integer
2026-05-06 10:05:28,619 INFO Finished analysis-default exit_code=1 duration=0.58s
2026-05-06 10:05:28,619 ERROR Pipeline failed: analysis-default failed after retries: analysis-default failed with exit code 1
Traceback (most recent call last):
  File "/Users/jonasodones/Desktop/src/my_scraper/./scripts/auto_pipeline.py", line 273, in main
    PcsoPipeline(config).run()
    ~~~~~~~~~~~~~~~~~~~~~~~~^^
  File "/Users/jonasodones/Desktop/src/my_scraper/./scripts/auto_pipeline.py", line 76, in run
    self._run_locked()
    ~~~~~~~~~~~~~~~~^^
  File "/Users/jonasodones/Desktop/src/my_scraper/./scripts/auto_pipeline.py", line 91, in _run_locked
    self.run_with_retries(
    ~~~~~~~~~~~~~~~~~~~~~^
        "analysis-default",
        ^^^^^^^^^^^^^^^^^^^
        [self.config.python_bin, str(self.config.analyzer_path)],
        ^^^^^^^^^^^^^^^^^^^^^^^^^^^^^^^^^^^^^^^^^^^^^^^^^^^^^^^^^
    )
    ^
  File "/Users/jonasodones/Desktop/src/my_scraper/./scripts/auto_pipeline.py", line 164, in run_with_retries
    raise PipelineError(f"{label} failed after retries: {last_error}")
PipelineError: analysis-default failed after retries: analysis-default failed with exit code 1
2026-05-06 10:05:54,491 INFO Pipeline requested project_root=/Users/jonasodones/Desktop/src/my_scraper
2026-05-06 10:05:54,491 INFO Waiting for exclusive pipeline lock: /Users/jonasodones/Desktop/src/my_scraper/.pipeline.lock
2026-05-06 10:05:54,491 INFO Acquired exclusive pipeline lock
2026-05-06 10:05:54,491 INFO Starting synchronize: true
2026-05-06 10:05:54,494 INFO Finished synchronize exit_code=0 duration=0.00s
2026-05-06 10:05:54,494 INFO Cleaning stale output: /Users/jonasodones/Desktop/src/my_scraper/pcso_results.json
2026-05-06 10:05:54,495 INFO Deleting files inside analysis directory: /Users/jonasodones/Desktop/src/my_scraper/analysis_outputs
2026-05-06 10:05:54,495 INFO Starting scraper: /Users/jonasodones/Desktop/src/my_scraper/pcso_env/bin/python pcso_lottery_scraper.py
2026-05-06 10:06:00,196 INFO scraper | Connecting to PCSO as a browser (Stealth Mode)...
2026-05-06 10:06:00,196 INFO scraper | Wait for 2 seconds to mimic human reading time...
2026-05-06 10:06:00,196 INFO scraper | Submitting search request...
2026-05-06 10:06:00,196 INFO scraper | Success! 32079 results saved to /Users/jonasodones/Desktop/src/my_scraper/pcso_results.json
2026-05-06 10:06:00,466 INFO Finished scraper exit_code=0 duration=5.97s
2026-05-06 10:06:00,466 INFO Waiting for stable file: /Users/jonasodones/Desktop/src/my_scraper/pcso_results.json stability_seconds=5.0 timeout=600.0
2026-05-06 10:06:08,485 INFO File is stable: /Users/jonasodones/Desktop/src/my_scraper/pcso_results.json size=5712373
2026-05-06 10:06:08,486 INFO Starting analysis-default: /Users/jonasodones/Desktop/src/my_scraper/pcso_env/bin/python /Users/jonasodones/Desktop/src/my_scraper/analyze_pcso_results.py
2026-05-06 10:06:08,995 INFO analysis-default | Traceback (most recent call last):
2026-05-06 10:06:08,995 INFO analysis-default |   File "/Users/jonasodones/Desktop/src/my_scraper/analyze_pcso_results.py", line 347, in <module>
2026-05-06 10:06:08,995 INFO analysis-default |     main()
2026-05-06 10:06:08,995 INFO analysis-default |     ~~~~^^
2026-05-06 10:06:08,995 INFO analysis-default |   File "/Users/jonasodones/Desktop/src/my_scraper/analyze_pcso_results.py", line 300, in main
2026-05-06 10:06:08,995 INFO analysis-default |     freq_df = frequency_analysis(df)
2026-05-06 10:06:08,995 INFO analysis-default |   File "/Users/jonasodones/Desktop/src/my_scraper/analyze_pcso_results.py", line 51, in frequency_analysis
2026-05-06 10:06:08,995 INFO analysis-default |     exploded["numbers"] = exploded["numbers"].astype(int)
2026-05-06 10:06:08,995 INFO analysis-default |                           ~~~~~~~~~~~~~~~~~~~~~~~~~~^^^^^
2026-05-06 10:06:08,995 INFO analysis-default |   File "/Users/jonasodones/Desktop/src/my_scraper/pcso_env/lib/python3.14/site-packages/pandas/core/generic.py", line 6541, in astype
2026-05-06 10:06:08,995 INFO analysis-default |     new_data = self._mgr.astype(dtype=dtype, errors=errors)
2026-05-06 10:06:08,995 INFO analysis-default |   File "/Users/jonasodones/Desktop/src/my_scraper/pcso_env/lib/python3.14/site-packages/pandas/core/internals/managers.py", line 611, in astype
2026-05-06 10:06:08,995 INFO analysis-default |     return self.apply("astype", dtype=dtype, errors=errors)
2026-05-06 10:06:08,995 INFO analysis-default |            ~~~~~~~~~~^^^^^^^^^^^^^^^^^^^^^^^^^^^^^^^^^^^^^^
2026-05-06 10:06:08,995 INFO analysis-default |   File "/Users/jonasodones/Desktop/src/my_scraper/pcso_env/lib/python3.14/site-packages/pandas/core/internals/managers.py", line 442, in apply
2026-05-06 10:06:08,995 INFO analysis-default |     applied = getattr(b, f)(**kwargs)
2026-05-06 10:06:08,995 INFO analysis-default |   File "/Users/jonasodones/Desktop/src/my_scraper/pcso_env/lib/python3.14/site-packages/pandas/core/internals/blocks.py", line 607, in astype
2026-05-06 10:06:08,995 INFO analysis-default |     new_values = astype_array_safe(values, dtype, errors=errors)
2026-05-06 10:06:08,995 INFO analysis-default |   File "/Users/jonasodones/Desktop/src/my_scraper/pcso_env/lib/python3.14/site-packages/pandas/core/dtypes/astype.py", line 240, in astype_array_safe
2026-05-06 10:06:08,995 INFO analysis-default |     new_values = astype_array(values, dtype, copy=copy)
2026-05-06 10:06:08,995 INFO analysis-default |   File "/Users/jonasodones/Desktop/src/my_scraper/pcso_env/lib/python3.14/site-packages/pandas/core/dtypes/astype.py", line 185, in astype_array
2026-05-06 10:06:08,995 INFO analysis-default |     values = _astype_nansafe(values, dtype, copy=copy)
2026-05-06 10:06:08,995 INFO analysis-default |   File "/Users/jonasodones/Desktop/src/my_scraper/pcso_env/lib/python3.14/site-packages/pandas/core/dtypes/astype.py", line 134, in _astype_nansafe
2026-05-06 10:06:08,995 INFO analysis-default |     return arr.astype(dtype, copy=True)
2026-05-06 10:06:08,995 INFO analysis-default |            ~~~~~~~~~~^^^^^^^^^^^^^^^^^^
2026-05-06 10:06:08,995 INFO analysis-default | ValueError: cannot convert float NaN to integer
2026-05-06 10:06:09,046 INFO Finished analysis-default exit_code=1 duration=0.56s
2026-05-06 10:06:09,046 WARNING analysis-default failed on attempt 1/2; retrying in 10.0s
2026-05-06 10:06:19,051 INFO Starting analysis-default: /Users/jonasodones/Desktop/src/my_scraper/pcso_env/bin/python /Users/jonasodones/Desktop/src/my_scraper/analyze_pcso_results.py
2026-05-06 10:06:19,427 INFO analysis-default | Traceback (most recent call last):
2026-05-06 10:06:19,428 INFO analysis-default |   File "/Users/jonasodones/Desktop/src/my_scraper/analyze_pcso_results.py", line 347, in <module>
2026-05-06 10:06:19,428 INFO analysis-default |     main()
2026-05-06 10:06:19,428 INFO analysis-default |     ~~~~^^
2026-05-06 10:06:19,428 INFO analysis-default |   File "/Users/jonasodones/Desktop/src/my_scraper/analyze_pcso_results.py", line 300, in main
2026-05-06 10:06:19,428 INFO analysis-default |     freq_df = frequency_analysis(df)
2026-05-06 10:06:19,428 INFO analysis-default |   File "/Users/jonasodones/Desktop/src/my_scraper/analyze_pcso_results.py", line 51, in frequency_analysis
2026-05-06 10:06:19,428 INFO analysis-default |     exploded["numbers"] = exploded["numbers"].astype(int)
2026-05-06 10:06:19,428 INFO analysis-default |                           ~~~~~~~~~~~~~~~~~~~~~~~~~~^^^^^
2026-05-06 10:06:19,428 INFO analysis-default |   File "/Users/jonasodones/Desktop/src/my_scraper/pcso_env/lib/python3.14/site-packages/pandas/core/generic.py", line 6541, in astype
2026-05-06 10:06:19,428 INFO analysis-default |     new_data = self._mgr.astype(dtype=dtype, errors=errors)
2026-05-06 10:06:19,428 INFO analysis-default |   File "/Users/jonasodones/Desktop/src/my_scraper/pcso_env/lib/python3.14/site-packages/pandas/core/internals/managers.py", line 611, in astype
2026-05-06 10:06:19,428 INFO analysis-default |     return self.apply("astype", dtype=dtype, errors=errors)
2026-05-06 10:06:19,428 INFO analysis-default |            ~~~~~~~~~~^^^^^^^^^^^^^^^^^^^^^^^^^^^^^^^^^^^^^^
2026-05-06 10:06:19,428 INFO analysis-default |   File "/Users/jonasodones/Desktop/src/my_scraper/pcso_env/lib/python3.14/site-packages/pandas/core/internals/managers.py", line 442, in apply
2026-05-06 10:06:19,428 INFO analysis-default |     applied = getattr(b, f)(**kwargs)
2026-05-06 10:06:19,428 INFO analysis-default |   File "/Users/jonasodones/Desktop/src/my_scraper/pcso_env/lib/python3.14/site-packages/pandas/core/internals/blocks.py", line 607, in astype
2026-05-06 10:06:19,428 INFO analysis-default |     new_values = astype_array_safe(values, dtype, errors=errors)
2026-05-06 10:06:19,428 INFO analysis-default |   File "/Users/jonasodones/Desktop/src/my_scraper/pcso_env/lib/python3.14/site-packages/pandas/core/dtypes/astype.py", line 240, in astype_array_safe
2026-05-06 10:06:19,428 INFO analysis-default |     new_values = astype_array(values, dtype, copy=copy)
2026-05-06 10:06:19,428 INFO analysis-default |   File "/Users/jonasodones/Desktop/src/my_scraper/pcso_env/lib/python3.14/site-packages/pandas/core/dtypes/astype.py", line 185, in astype_array
2026-05-06 10:06:19,428 INFO analysis-default |     values = _astype_nansafe(values, dtype, copy=copy)
2026-05-06 10:06:19,428 INFO analysis-default |   File "/Users/jonasodones/Desktop/src/my_scraper/pcso_env/lib/python3.14/site-packages/pandas/core/dtypes/astype.py", line 134, in _astype_nansafe
2026-05-06 10:06:19,428 INFO analysis-default |     return arr.astype(dtype, copy=True)
2026-05-06 10:06:19,428 INFO analysis-default |            ~~~~~~~~~~^^^^^^^^^^^^^^^^^^
2026-05-06 10:06:19,428 INFO analysis-default | ValueError: cannot convert float NaN to integer
2026-05-06 10:06:19,477 INFO Finished analysis-default exit_code=1 duration=0.43s
2026-05-06 10:06:19,477 ERROR Pipeline failed: analysis-default failed after retries: analysis-default failed with exit code 1
Traceback (most recent call last):
  File "/Users/jonasodones/Desktop/src/my_scraper/./scripts/auto_pipeline.py", line 273, in main
    PcsoPipeline(config).run()
    ~~~~~~~~~~~~~~~~~~~~~~~~^^
  File "/Users/jonasodones/Desktop/src/my_scraper/./scripts/auto_pipeline.py", line 76, in run
    self._run_locked()
    ~~~~~~~~~~~~~~~~^^
  File "/Users/jonasodones/Desktop/src/my_scraper/./scripts/auto_pipeline.py", line 91, in _run_locked
    self.run_with_retries(
    ~~~~~~~~~~~~~~~~~~~~~^
        "analysis-default",
        ^^^^^^^^^^^^^^^^^^^
        [self.config.python_bin, str(self.config.analyzer_path)],
        ^^^^^^^^^^^^^^^^^^^^^^^^^^^^^^^^^^^^^^^^^^^^^^^^^^^^^^^^^
    )
    ^
  File "/Users/jonasodones/Desktop/src/my_scraper/./scripts/auto_pipeline.py", line 164, in run_with_retries
    raise PipelineError(f"{label} failed after retries: {last_error}")
PipelineError: analysis-default failed after retries: analysis-default failed with exit code 1
2026-05-06 10:08:03,291 INFO Pipeline requested project_root=/Users/jonasodones/Desktop/src/my_scraper
2026-05-06 10:08:03,291 INFO Waiting for exclusive pipeline lock: /Users/jonasodones/Desktop/src/my_scraper/.pipeline.lock
2026-05-06 10:08:03,291 INFO Acquired exclusive pipeline lock
2026-05-06 10:08:03,291 INFO Starting synchronize: true
2026-05-06 10:08:03,296 INFO Finished synchronize exit_code=0 duration=0.00s
2026-05-06 10:08:03,296 INFO Cleaning stale output: /Users/jonasodones/Desktop/src/my_scraper/pcso_results.json
2026-05-06 10:08:03,296 INFO Deleting files inside analysis directory: /Users/jonasodones/Desktop/src/my_scraper/analysis_outputs
2026-05-06 10:08:03,296 INFO Starting scraper: /Users/jonasodones/Desktop/src/my_scraper/pcso_env/bin/python pcso_lottery_scraper.py
2026-05-06 10:08:09,627 INFO scraper | Connecting to PCSO as a browser (Stealth Mode)...
2026-05-06 10:08:09,628 INFO scraper | Wait for 2 seconds to mimic human reading time...
2026-05-06 10:08:09,628 INFO scraper | Submitting search request...
2026-05-06 10:08:09,628 INFO scraper | Success! 32079 results saved to /Users/jonasodones/Desktop/src/my_scraper/pcso_results.json
2026-05-06 10:08:09,945 INFO Finished scraper exit_code=0 duration=6.65s
2026-05-06 10:08:09,945 INFO Waiting for stable file: /Users/jonasodones/Desktop/src/my_scraper/pcso_results.json stability_seconds=5.0 timeout=600.0
2026-05-06 10:08:17,965 INFO File is stable: /Users/jonasodones/Desktop/src/my_scraper/pcso_results.json size=5712373
2026-05-06 10:08:17,965 INFO Starting analysis-default: /Users/jonasodones/Desktop/src/my_scraper/pcso_env/bin/python /Users/jonasodones/Desktop/src/my_scraper/analyze_pcso_results.py
2026-05-06 10:08:19,027 INFO analysis-default | Loaded 32079 total rows across 19 games.
2026-05-06 10:08:19,028 INFO analysis-default | Analyzed 32049 valid draws across 19 games.
2026-05-06 10:08:19,028 INFO analysis-default | Skipped 30 rows with no parseable combination numbers.
2026-05-06 10:08:19,028 INFO analysis-default | Selected game: Ultra Lotto 6/58 (1482 historical draws)
2026-05-06 10:08:19,028 INFO analysis-default | Most common odd/even pattern: 3 odd / 3 even (520 draws)
2026-05-06 10:08:19,028 INFO analysis-default | Historical sum range: 55 to 305; median 176.0
2026-05-06 10:08:19,028 INFO analysis-default | Monte Carlo target combination: 1-58-25-43-26-16
2026-05-06 10:08:19,028 INFO analysis-default | Theoretical exact-match probability: 0.000000024706 (about 1 in 40,475,358)
2026-05-06 10:08:19,028 INFO analysis-default | Simulation hits: 0 of 200,000
2026-05-06 10:08:19,028 INFO analysis-default | Suggested combinations saved: 57
2026-05-06 10:08:19,028 INFO analysis-default | Outputs saved to: /Users/jonasodones/Desktop/src/my_scraper/analysis_outputs
2026-05-06 10:08:19,100 INFO Finished analysis-default exit_code=0 duration=1.13s
2026-05-06 10:08:19,100 INFO Starting analysis-suggestions-5: /Users/jonasodones/Desktop/src/my_scraper/pcso_env/bin/python /Users/jonasodones/Desktop/src/my_scraper/analyze_pcso_results.py --suggestions-per-game 5
2026-05-06 10:08:19,940 INFO analysis-suggestions-5 | Loaded 32079 total rows across 19 games.
2026-05-06 10:08:19,941 INFO analysis-suggestions-5 | Analyzed 32049 valid draws across 19 games.
2026-05-06 10:08:19,941 INFO analysis-suggestions-5 | Skipped 30 rows with no parseable combination numbers.
2026-05-06 10:08:19,941 INFO analysis-suggestions-5 | Selected game: Ultra Lotto 6/58 (1482 historical draws)
2026-05-06 10:08:19,941 INFO analysis-suggestions-5 | Most common odd/even pattern: 3 odd / 3 even (520 draws)
2026-05-06 10:08:19,941 INFO analysis-suggestions-5 | Historical sum range: 55 to 305; median 176.0
2026-05-06 10:08:19,941 INFO analysis-suggestions-5 | Monte Carlo target combination: 1-58-25-43-26-16
2026-05-06 10:08:19,941 INFO analysis-suggestions-5 | Theoretical exact-match probability: 0.000000024706 (about 1 in 40,475,358)
2026-05-06 10:08:19,941 INFO analysis-suggestions-5 | Simulation hits: 0 of 200,000
2026-05-06 10:08:19,941 INFO analysis-suggestions-5 | Suggested combinations saved: 95
2026-05-06 10:08:19,941 INFO analysis-suggestions-5 | Outputs saved to: /Users/jonasodones/Desktop/src/my_scraper/analysis_outputs
2026-05-06 10:08:20,013 INFO Finished analysis-suggestions-5 exit_code=0 duration=0.91s
2026-05-06 10:08:20,014 INFO Pipeline completed successfully
2026-05-06 10:08:57,210 INFO Pipeline requested project_root=/Users/jonasodones/Desktop/src/my_scraper
2026-05-06 10:08:57,210 INFO Waiting for exclusive pipeline lock: /Users/jonasodones/Desktop/src/my_scraper/.pipeline.lock
2026-05-06 10:08:57,210 INFO Acquired exclusive pipeline lock
2026-05-06 10:08:57,211 INFO Starting synchronize: true
2026-05-06 10:08:57,215 INFO Finished synchronize exit_code=0 duration=0.00s
2026-05-06 10:08:57,215 INFO Cleaning stale output: /Users/jonasodones/Desktop/src/my_scraper/pcso_results.json
2026-05-06 10:08:57,216 INFO Deleting files inside analysis directory: /Users/jonasodones/Desktop/src/my_scraper/analysis_outputs
2026-05-06 10:08:57,217 INFO Starting scraper: /Users/jonasodones/Desktop/src/my_scraper/pcso_env/bin/python pcso_lottery_scraper.py
2026-05-06 10:09:03,123 INFO scraper | Connecting to PCSO as a browser (Stealth Mode)...
2026-05-06 10:09:03,123 INFO scraper | Wait for 2 seconds to mimic human reading time...
2026-05-06 10:09:03,123 INFO scraper | Submitting search request...
2026-05-06 10:09:03,123 INFO scraper | Success! 32079 results saved to /Users/jonasodones/Desktop/src/my_scraper/pcso_results.json
2026-05-06 10:09:03,414 INFO Finished scraper exit_code=0 duration=6.20s
2026-05-06 10:09:03,414 INFO Waiting for stable file: /Users/jonasodones/Desktop/src/my_scraper/pcso_results.json stability_seconds=5.0 timeout=600.0
2026-05-06 10:09:11,435 INFO File is stable: /Users/jonasodones/Desktop/src/my_scraper/pcso_results.json size=5712373
2026-05-06 10:09:11,435 INFO Starting analysis-default: /Users/jonasodones/Desktop/src/my_scraper/pcso_env/bin/python /Users/jonasodones/Desktop/src/my_scraper/analyze_pcso_results.py
2026-05-06 10:09:12,481 INFO analysis-default | Loaded 32079 total rows across 19 games.
2026-05-06 10:09:12,481 INFO analysis-default | Analyzed 32049 valid draws across 19 games.
2026-05-06 10:09:12,481 INFO analysis-default | Skipped 30 rows with no parseable combination numbers.
2026-05-06 10:09:12,481 INFO analysis-default | Selected game: Ultra Lotto 6/58 (1482 historical draws)
2026-05-06 10:09:12,481 INFO analysis-default | Most common odd/even pattern: 3 odd / 3 even (520 draws)
2026-05-06 10:09:12,481 INFO analysis-default | Historical sum range: 55 to 305; median 176.0
2026-05-06 10:09:12,481 INFO analysis-default | Monte Carlo target combination: 1-58-25-43-26-16
2026-05-06 10:09:12,481 INFO analysis-default | Theoretical exact-match probability: 0.000000024706 (about 1 in 40,475,358)
2026-05-06 10:09:12,481 INFO analysis-default | Simulation hits: 0 of 200,000
2026-05-06 10:09:12,481 INFO analysis-default | Suggested combinations saved: 57
2026-05-06 10:09:12,481 INFO analysis-default | Outputs saved to: /Users/jonasodones/Desktop/src/my_scraper/analysis_outputs
2026-05-06 10:09:12,542 INFO Finished analysis-default exit_code=0 duration=1.11s
2026-05-06 10:09:12,542 INFO Starting analysis-suggestions-5: /Users/jonasodones/Desktop/src/my_scraper/pcso_env/bin/python /Users/jonasodones/Desktop/src/my_scraper/analyze_pcso_results.py --suggestions-per-game 5
2026-05-06 10:09:13,362 INFO analysis-suggestions-5 | Loaded 32079 total rows across 19 games.
2026-05-06 10:09:13,362 INFO analysis-suggestions-5 | Analyzed 32049 valid draws across 19 games.
2026-05-06 10:09:13,362 INFO analysis-suggestions-5 | Skipped 30 rows with no parseable combination numbers.
2026-05-06 10:09:13,362 INFO analysis-suggestions-5 | Selected game: Ultra Lotto 6/58 (1482 historical draws)
2026-05-06 10:09:13,362 INFO analysis-suggestions-5 | Most common odd/even pattern: 3 odd / 3 even (520 draws)
2026-05-06 10:09:13,362 INFO analysis-suggestions-5 | Historical sum range: 55 to 305; median 176.0
2026-05-06 10:09:13,362 INFO analysis-suggestions-5 | Monte Carlo target combination: 1-58-25-43-26-16
2026-05-06 10:09:13,362 INFO analysis-suggestions-5 | Theoretical exact-match probability: 0.000000024706 (about 1 in 40,475,358)
2026-05-06 10:09:13,362 INFO analysis-suggestions-5 | Simulation hits: 0 of 200,000
2026-05-06 10:09:13,362 INFO analysis-suggestions-5 | Suggested combinations saved: 95
2026-05-06 10:09:13,362 INFO analysis-suggestions-5 | Outputs saved to: /Users/jonasodones/Desktop/src/my_scraper/analysis_outputs
2026-05-06 10:09:13,422 INFO Finished analysis-suggestions-5 exit_code=0 duration=0.88s
2026-05-06 10:09:13,422 INFO Pipeline completed successfully
2026-05-07 02:43:57,538 INFO Pipeline requested project_root=/Users/jonasodones/Desktop/src/my_scraper
2026-05-07 02:43:57,538 INFO Waiting for exclusive pipeline lock: /Users/jonasodones/Desktop/src/my_scraper/.pipeline.lock
2026-05-07 02:43:57,538 INFO Acquired exclusive pipeline lock
2026-05-07 02:43:57,538 INFO Starting synchronize: true
2026-05-07 02:43:57,544 INFO Finished synchronize exit_code=0 duration=0.01s
2026-05-07 02:43:57,545 INFO Cleaning stale output: /Users/jonasodones/Desktop/src/my_scraper/pcso_results.json
2026-05-07 02:43:57,545 INFO Deleting files inside analysis directory: /Users/jonasodones/Desktop/src/my_scraper/analysis_outputs
2026-05-07 02:43:57,546 INFO Starting scraper: /Users/jonasodones/Desktop/src/my_scraper/pcso_env/bin/python pcso_lottery_scraper.py
2026-05-07 02:44:03,548 INFO scraper | Connecting to PCSO as a browser (Stealth Mode)...
2026-05-07 02:44:03,548 INFO scraper | Wait for 2 seconds to mimic human reading time...
2026-05-07 02:44:03,548 INFO scraper | Submitting search request...
2026-05-07 02:44:03,548 INFO scraper | Success! 32088 results saved to /Users/jonasodones/Desktop/src/my_scraper/pcso_results.json
2026-05-07 02:44:03,872 INFO Finished scraper exit_code=0 duration=6.33s
2026-05-07 02:44:03,872 INFO Waiting for stable file: /Users/jonasodones/Desktop/src/my_scraper/pcso_results.json stability_seconds=5.0 timeout=600.0
2026-05-07 02:44:11,887 INFO File is stable: /Users/jonasodones/Desktop/src/my_scraper/pcso_results.json size=5713964
2026-05-07 02:44:11,888 INFO Starting analysis-default: /Users/jonasodones/Desktop/src/my_scraper/pcso_env/bin/python /Users/jonasodones/Desktop/src/my_scraper/analyze_pcso_results.py
2026-05-07 02:44:13,942 INFO analysis-default | Loaded 32088 total rows across 19 games.
2026-05-07 02:44:13,943 INFO analysis-default | Analyzed 32058 valid draws across 19 games.
2026-05-07 02:44:13,943 INFO analysis-default | Skipped 30 rows with no parseable combination numbers.
2026-05-07 02:44:13,943 INFO analysis-default | Selected game: Ultra Lotto 6/58 (1482 historical draws)
2026-05-07 02:44:13,943 INFO analysis-default | Most common odd/even pattern: 3 odd / 3 even (520 draws)
2026-05-07 02:44:13,943 INFO analysis-default | Historical sum range: 55 to 305; median 176.0
2026-05-07 02:44:13,943 INFO analysis-default | Monte Carlo target combination: 1-58-25-43-26-16
2026-05-07 02:44:13,943 INFO analysis-default | Theoretical exact-match probability: 0.000000024706 (about 1 in 40,475,358)
2026-05-07 02:44:13,943 INFO analysis-default | Simulation hits: 0 of 200,000
2026-05-07 02:44:13,943 INFO analysis-default | Suggested combinations saved: 57
2026-05-07 02:44:13,943 INFO analysis-default | Outputs saved to: /Users/jonasodones/Desktop/src/my_scraper/analysis_outputs
2026-05-07 02:44:14,008 INFO Finished analysis-default exit_code=0 duration=2.12s
2026-05-07 02:44:14,008 INFO Starting analysis-suggestions-5: /Users/jonasodones/Desktop/src/my_scraper/pcso_env/bin/python /Users/jonasodones/Desktop/src/my_scraper/analyze_pcso_results.py --suggestions-per-game 5
2026-05-07 02:44:14,818 INFO analysis-suggestions-5 | Loaded 32088 total rows across 19 games.
2026-05-07 02:44:14,818 INFO analysis-suggestions-5 | Analyzed 32058 valid draws across 19 games.
2026-05-07 02:44:14,818 INFO analysis-suggestions-5 | Skipped 30 rows with no parseable combination numbers.
2026-05-07 02:44:14,818 INFO analysis-suggestions-5 | Selected game: Ultra Lotto 6/58 (1482 historical draws)
2026-05-07 02:44:14,818 INFO analysis-suggestions-5 | Most common odd/even pattern: 3 odd / 3 even (520 draws)
2026-05-07 02:44:14,818 INFO analysis-suggestions-5 | Historical sum range: 55 to 305; median 176.0
2026-05-07 02:44:14,818 INFO analysis-suggestions-5 | Monte Carlo target combination: 1-58-25-43-26-16
2026-05-07 02:44:14,818 INFO analysis-suggestions-5 | Theoretical exact-match probability: 0.000000024706 (about 1 in 40,475,358)
2026-05-07 02:44:14,818 INFO analysis-suggestions-5 | Simulation hits: 0 of 200,000
2026-05-07 02:44:14,818 INFO analysis-suggestions-5 | Suggested combinations saved: 95
2026-05-07 02:44:14,818 INFO analysis-suggestions-5 | Outputs saved to: /Users/jonasodones/Desktop/src/my_scraper/analysis_outputs
2026-05-07 02:44:14,877 INFO Finished analysis-suggestions-5 exit_code=0 duration=0.87s
2026-05-07 02:44:14,878 INFO Pipeline completed successfully
2026-05-07 07:52:18,158 INFO Pipeline requested project_root=/Users/jonasodones/Desktop/src/my_scraper
2026-05-07 07:52:18,158 INFO Waiting for exclusive pipeline lock: /Users/jonasodones/Desktop/src/my_scraper/.pipeline.lock
2026-05-07 07:52:18,158 INFO Acquired exclusive pipeline lock
2026-05-07 07:52:18,158 INFO Starting synchronize: true
2026-05-07 07:52:18,163 INFO Finished synchronize exit_code=0 duration=0.00s
2026-05-07 07:52:18,163 INFO Cleaning stale output: /Users/jonasodones/Desktop/src/my_scraper/pcso_results.json
2026-05-07 07:52:18,163 INFO Deleting files inside analysis directory: /Users/jonasodones/Desktop/src/my_scraper/analysis_outputs
2026-05-07 07:52:18,164 INFO Starting scraper: /Users/jonasodones/Desktop/src/my_scraper/pcso_env/bin/python pcso_lottery_scraper.py
2026-05-07 07:52:23,672 INFO scraper | Connecting to PCSO as a browser (Stealth Mode)...
2026-05-07 07:52:23,672 INFO scraper | Wait for 2 seconds to mimic human reading time...
2026-05-07 07:52:23,672 INFO scraper | Submitting search request...
2026-05-07 07:52:23,672 INFO scraper | Success! 32088 results saved to /Users/jonasodones/Desktop/src/my_scraper/pcso_results.json
2026-05-07 07:52:23,917 INFO Finished scraper exit_code=0 duration=5.75s
2026-05-07 07:52:23,917 INFO Waiting for stable file: /Users/jonasodones/Desktop/src/my_scraper/pcso_results.json stability_seconds=5.0 timeout=600.0
2026-05-07 07:52:31,931 INFO File is stable: /Users/jonasodones/Desktop/src/my_scraper/pcso_results.json size=5713964
2026-05-07 07:52:31,931 INFO Starting analysis-default: /Users/jonasodones/Desktop/src/my_scraper/pcso_env/bin/python /Users/jonasodones/Desktop/src/my_scraper/analyze_pcso_results.py
2026-05-07 07:52:32,964 INFO analysis-default | Loaded 32088 total rows across 19 games.
2026-05-07 07:52:32,964 INFO analysis-default | Analyzed 32058 valid draws across 19 games.
2026-05-07 07:52:32,964 INFO analysis-default | Skipped 30 rows with no parseable combination numbers.
2026-05-07 07:52:32,964 INFO analysis-default | Selected game: Ultra Lotto 6/58 (1482 historical draws)
2026-05-07 07:52:32,964 INFO analysis-default | Most common odd/even pattern: 3 odd / 3 even (520 draws)
2026-05-07 07:52:32,964 INFO analysis-default | Historical sum range: 55 to 305; median 176.0
2026-05-07 07:52:32,964 INFO analysis-default | Monte Carlo target combination: 1-58-25-43-26-16
2026-05-07 07:52:32,964 INFO analysis-default | Theoretical exact-match probability: 0.000000024706 (about 1 in 40,475,358)
2026-05-07 07:52:32,964 INFO analysis-default | Simulation hits: 0 of 200,000
2026-05-07 07:52:32,964 INFO analysis-default | Suggested combinations saved: 57
2026-05-07 07:52:32,964 INFO analysis-default | Outputs saved to: /Users/jonasodones/Desktop/src/my_scraper/analysis_outputs
2026-05-07 07:52:33,028 INFO Finished analysis-default exit_code=0 duration=1.10s
2026-05-07 07:52:33,028 INFO Starting analysis-suggestions-5: /Users/jonasodones/Desktop/src/my_scraper/pcso_env/bin/python /Users/jonasodones/Desktop/src/my_scraper/analyze_pcso_results.py --suggestions-per-game 5
2026-05-07 07:52:33,848 INFO analysis-suggestions-5 | Loaded 32088 total rows across 19 games.
2026-05-07 07:52:33,848 INFO analysis-suggestions-5 | Analyzed 32058 valid draws across 19 games.
2026-05-07 07:52:33,848 INFO analysis-suggestions-5 | Skipped 30 rows with no parseable combination numbers.
2026-05-07 07:52:33,848 INFO analysis-suggestions-5 | Selected game: Ultra Lotto 6/58 (1482 historical draws)
2026-05-07 07:52:33,848 INFO analysis-suggestions-5 | Most common odd/even pattern: 3 odd / 3 even (520 draws)
2026-05-07 07:52:33,848 INFO analysis-suggestions-5 | Historical sum range: 55 to 305; median 176.0
2026-05-07 07:52:33,848 INFO analysis-suggestions-5 | Monte Carlo target combination: 1-58-25-43-26-16
2026-05-07 07:52:33,848 INFO analysis-suggestions-5 | Theoretical exact-match probability: 0.000000024706 (about 1 in 40,475,358)
2026-05-07 07:52:33,848 INFO analysis-suggestions-5 | Simulation hits: 0 of 200,000
2026-05-07 07:52:33,848 INFO analysis-suggestions-5 | Suggested combinations saved: 95
2026-05-07 07:52:33,848 INFO analysis-suggestions-5 | Outputs saved to: /Users/jonasodones/Desktop/src/my_scraper/analysis_outputs
2026-05-07 07:52:33,906 INFO Finished analysis-suggestions-5 exit_code=0 duration=0.88s
2026-05-07 07:52:33,906 INFO Pipeline completed successfully
2026-05-07 10:21:56,918 INFO Pipeline requested project_root=/Users/jonasodones/Desktop/src/my_scraper
2026-05-07 10:21:56,918 INFO Waiting for exclusive pipeline lock: /Users/jonasodones/Desktop/src/my_scraper/.pipeline.lock
2026-05-07 10:21:56,918 INFO Acquired exclusive pipeline lock
2026-05-07 10:21:56,918 INFO Starting synchronize: true
2026-05-07 10:21:56,921 INFO Finished synchronize exit_code=0 duration=0.00s
2026-05-07 10:21:56,921 INFO Cleaning stale output: /Users/jonasodones/Desktop/src/my_scraper/pcso_results.json
2026-05-07 10:21:56,922 INFO Deleting files inside analysis directory: /Users/jonasodones/Desktop/src/my_scraper/analysis_outputs
2026-05-07 10:21:56,923 INFO Starting scraper: /Users/jonasodones/Desktop/src/my_scraper/pcso_env/bin/python pcso_lottery_scraper.py
2026-05-07 10:22:03,874 INFO scraper | Connecting to PCSO as a browser (Stealth Mode)...
2026-05-07 10:22:03,874 INFO scraper | Wait for 2 seconds to mimic human reading time...
2026-05-07 10:22:03,874 INFO scraper | Submitting search request...
2026-05-07 10:22:03,874 INFO scraper | Success! 32088 results saved to /Users/jonasodones/Desktop/src/my_scraper/pcso_results.json
2026-05-07 10:22:04,119 INFO Finished scraper exit_code=0 duration=7.20s
2026-05-07 10:22:04,119 INFO Waiting for stable file: /Users/jonasodones/Desktop/src/my_scraper/pcso_results.json stability_seconds=5.0 timeout=600.0
2026-05-07 10:22:12,134 INFO File is stable: /Users/jonasodones/Desktop/src/my_scraper/pcso_results.json size=5713964
2026-05-07 10:22:12,135 INFO Starting analysis-default: /Users/jonasodones/Desktop/src/my_scraper/pcso_env/bin/python /Users/jonasodones/Desktop/src/my_scraper/analyze_pcso_results.py
2026-05-07 10:22:13,156 INFO analysis-default | Loaded 32088 total rows across 19 games.
2026-05-07 10:22:13,156 INFO analysis-default | Analyzed 32058 valid draws across 19 games.
2026-05-07 10:22:13,157 INFO analysis-default | Skipped 30 rows with no parseable combination numbers.
2026-05-07 10:22:13,157 INFO analysis-default | Selected game: Ultra Lotto 6/58 (1482 historical draws)
2026-05-07 10:22:13,157 INFO analysis-default | Most common odd/even pattern: 3 odd / 3 even (520 draws)
2026-05-07 10:22:13,157 INFO analysis-default | Historical sum range: 55 to 305; median 176.0
2026-05-07 10:22:13,157 INFO analysis-default | Monte Carlo target combination: 1-58-25-43-26-16
2026-05-07 10:22:13,157 INFO analysis-default | Theoretical exact-match probability: 0.000000024706 (about 1 in 40,475,358)
2026-05-07 10:22:13,157 INFO analysis-default | Simulation hits: 0 of 200,000
2026-05-07 10:22:13,157 INFO analysis-default | Suggested combinations saved: 57
2026-05-07 10:22:13,157 INFO analysis-default | Outputs saved to: /Users/jonasodones/Desktop/src/my_scraper/analysis_outputs
2026-05-07 10:22:13,218 INFO Finished analysis-default exit_code=0 duration=1.08s
2026-05-07 10:22:13,219 INFO Starting analysis-suggestions-5: /Users/jonasodones/Desktop/src/my_scraper/pcso_env/bin/python /Users/jonasodones/Desktop/src/my_scraper/analyze_pcso_results.py --suggestions-per-game 5
2026-05-07 10:22:14,051 INFO analysis-suggestions-5 | Loaded 32088 total rows across 19 games.
2026-05-07 10:22:14,051 INFO analysis-suggestions-5 | Analyzed 32058 valid draws across 19 games.
2026-05-07 10:22:14,051 INFO analysis-suggestions-5 | Skipped 30 rows with no parseable combination numbers.
2026-05-07 10:22:14,051 INFO analysis-suggestions-5 | Selected game: Ultra Lotto 6/58 (1482 historical draws)
2026-05-07 10:22:14,051 INFO analysis-suggestions-5 | Most common odd/even pattern: 3 odd / 3 even (520 draws)
2026-05-07 10:22:14,051 INFO analysis-suggestions-5 | Historical sum range: 55 to 305; median 176.0
2026-05-07 10:22:14,051 INFO analysis-suggestions-5 | Monte Carlo target combination: 1-58-25-43-26-16
2026-05-07 10:22:14,051 INFO analysis-suggestions-5 | Theoretical exact-match probability: 0.000000024706 (about 1 in 40,475,358)
2026-05-07 10:22:14,051 INFO analysis-suggestions-5 | Simulation hits: 0 of 200,000
2026-05-07 10:22:14,051 INFO analysis-suggestions-5 | Suggested combinations saved: 95
2026-05-07 10:22:14,051 INFO analysis-suggestions-5 | Outputs saved to: /Users/jonasodones/Desktop/src/my_scraper/analysis_outputs
2026-05-07 10:22:14,129 INFO Finished analysis-suggestions-5 exit_code=0 duration=0.91s
2026-05-07 10:22:14,129 INFO Pipeline completed successfully
2026-05-07 16:53:16,003 INFO Pipeline requested project_root=/Users/jonasodones/Desktop/src/my_scraper
2026-05-07 16:53:16,003 INFO Waiting for exclusive pipeline lock: /Users/jonasodones/Desktop/src/my_scraper/.pipeline.lock
2026-05-07 16:53:16,004 INFO Acquired exclusive pipeline lock
2026-05-07 16:53:16,004 INFO Starting synchronize: true
2026-05-07 16:53:16,009 INFO Finished synchronize exit_code=0 duration=0.01s
2026-05-07 16:53:16,009 INFO Cleaning stale output: /Users/jonasodones/Desktop/src/my_scraper/pcso_results.json
2026-05-07 16:53:16,010 INFO Deleting files inside analysis directory: /Users/jonasodones/Desktop/src/my_scraper/analysis_outputs
2026-05-07 16:53:16,011 INFO Starting scraper: /Users/jonasodones/Desktop/src/my_scraper/pcso_env/bin/python pcso_lottery_scraper.py
2026-05-07 16:53:21,591 INFO scraper | Connecting to PCSO as a browser (Stealth Mode)...
2026-05-07 16:53:21,591 INFO scraper | Wait for 2 seconds to mimic human reading time...
2026-05-07 16:53:21,591 INFO scraper | Submitting search request...
2026-05-07 16:53:21,591 INFO scraper | Success! 32088 results saved to /Users/jonasodones/Desktop/src/my_scraper/pcso_results.json
2026-05-07 16:53:21,834 INFO Finished scraper exit_code=0 duration=5.82s
2026-05-07 16:53:21,834 INFO Waiting for stable file: /Users/jonasodones/Desktop/src/my_scraper/pcso_results.json stability_seconds=5.0 timeout=600.0
2026-05-07 16:53:29,846 INFO File is stable: /Users/jonasodones/Desktop/src/my_scraper/pcso_results.json size=5713964
2026-05-07 16:53:29,846 INFO Starting analysis-default: /Users/jonasodones/Desktop/src/my_scraper/pcso_env/bin/python /Users/jonasodones/Desktop/src/my_scraper/analyze_pcso_results.py
2026-05-07 16:53:30,861 INFO analysis-default | Loaded 32088 total rows across 19 games.
2026-05-07 16:53:30,861 INFO analysis-default | Analyzed 32058 valid draws across 19 games.
2026-05-07 16:53:30,861 INFO analysis-default | Skipped 30 rows with no parseable combination numbers.
2026-05-07 16:53:30,861 INFO analysis-default | Selected game: Ultra Lotto 6/58 (1482 historical draws)
2026-05-07 16:53:30,861 INFO analysis-default | Most common odd/even pattern: 3 odd / 3 even (520 draws)
2026-05-07 16:53:30,861 INFO analysis-default | Historical sum range: 55 to 305; median 176.0
2026-05-07 16:53:30,861 INFO analysis-default | Monte Carlo target combination: 1-58-25-43-26-16
2026-05-07 16:53:30,861 INFO analysis-default | Theoretical exact-match probability: 0.000000024706 (about 1 in 40,475,358)
2026-05-07 16:53:30,861 INFO analysis-default | Simulation hits: 0 of 200,000
2026-05-07 16:53:30,861 INFO analysis-default | Suggested combinations saved: 57
2026-05-07 16:53:30,861 INFO analysis-default | Outputs saved to: /Users/jonasodones/Desktop/src/my_scraper/analysis_outputs
2026-05-07 16:53:30,919 INFO Finished analysis-default exit_code=0 duration=1.07s
2026-05-07 16:53:30,919 INFO Starting analysis-suggestions-5: /Users/jonasodones/Desktop/src/my_scraper/pcso_env/bin/python /Users/jonasodones/Desktop/src/my_scraper/analyze_pcso_results.py --suggestions-per-game 5
2026-05-07 16:53:31,741 INFO analysis-suggestions-5 | Loaded 32088 total rows across 19 games.
2026-05-07 16:53:31,742 INFO analysis-suggestions-5 | Analyzed 32058 valid draws across 19 games.
2026-05-07 16:53:31,742 INFO analysis-suggestions-5 | Skipped 30 rows with no parseable combination numbers.
2026-05-07 16:53:31,742 INFO analysis-suggestions-5 | Selected game: Ultra Lotto 6/58 (1482 historical draws)
2026-05-07 16:53:31,742 INFO analysis-suggestions-5 | Most common odd/even pattern: 3 odd / 3 even (520 draws)
2026-05-07 16:53:31,742 INFO analysis-suggestions-5 | Historical sum range: 55 to 305; median 176.0
2026-05-07 16:53:31,742 INFO analysis-suggestions-5 | Monte Carlo target combination: 1-58-25-43-26-16
2026-05-07 16:53:31,742 INFO analysis-suggestions-5 | Theoretical exact-match probability: 0.000000024706 (about 1 in 40,475,358)
2026-05-07 16:53:31,742 INFO analysis-suggestions-5 | Simulation hits: 0 of 200,000
2026-05-07 16:53:31,742 INFO analysis-suggestions-5 | Suggested combinations saved: 95
2026-05-07 16:53:31,742 INFO analysis-suggestions-5 | Outputs saved to: /Users/jonasodones/Desktop/src/my_scraper/analysis_outputs
2026-05-07 16:53:31,800 INFO Finished analysis-suggestions-5 exit_code=0 duration=0.88s
2026-05-07 16:53:31,800 INFO Pipeline completed successfully
2026-05-07 19:30:10,134 INFO Pipeline requested project_root=/Users/jonasodones/Desktop/src/my_scraper
2026-05-07 19:30:10,134 INFO Waiting for exclusive pipeline lock: /Users/jonasodones/Desktop/src/my_scraper/.pipeline.lock
2026-05-07 19:30:10,134 INFO Acquired exclusive pipeline lock
2026-05-07 19:30:10,134 INFO Starting synchronize: true
2026-05-07 19:30:10,138 INFO Finished synchronize exit_code=0 duration=0.00s
2026-05-07 19:30:10,138 INFO Cleaning stale output: /Users/jonasodones/Desktop/src/my_scraper/pcso_results.json
2026-05-07 19:30:10,138 INFO Deleting files inside analysis directory: /Users/jonasodones/Desktop/src/my_scraper/analysis_outputs
2026-05-07 19:30:10,139 INFO Starting scraper: /Users/jonasodones/Desktop/src/my_scraper/pcso_env/bin/python pcso_lottery_scraper.py
2026-05-07 19:30:16,332 INFO scraper | Connecting to PCSO as a browser (Stealth Mode)...
2026-05-07 19:30:16,332 INFO scraper | Wait for 2 seconds to mimic human reading time...
2026-05-07 19:30:16,332 INFO scraper | Submitting search request...
2026-05-07 19:30:16,332 INFO scraper | Success! 32088 results saved to /Users/jonasodones/Desktop/src/my_scraper/pcso_results.json
2026-05-07 19:30:16,660 INFO Finished scraper exit_code=0 duration=6.52s
2026-05-07 19:30:16,660 INFO Waiting for stable file: /Users/jonasodones/Desktop/src/my_scraper/pcso_results.json stability_seconds=5.0 timeout=600.0
2026-05-07 19:30:24,681 INFO File is stable: /Users/jonasodones/Desktop/src/my_scraper/pcso_results.json size=5713964
2026-05-07 19:30:24,681 INFO Starting analysis-default: /Users/jonasodones/Desktop/src/my_scraper/pcso_env/bin/python /Users/jonasodones/Desktop/src/my_scraper/analyze_pcso_results.py
2026-05-07 19:30:25,734 INFO analysis-default | Loaded 32088 total rows across 19 games.
2026-05-07 19:30:25,735 INFO analysis-default | Analyzed 32058 valid draws across 19 games.
2026-05-07 19:30:25,735 INFO analysis-default | Skipped 30 rows with no parseable combination numbers.
2026-05-07 19:30:25,735 INFO analysis-default | Selected game: Ultra Lotto 6/58 (1482 historical draws)
2026-05-07 19:30:25,735 INFO analysis-default | Most common odd/even pattern: 3 odd / 3 even (520 draws)
2026-05-07 19:30:25,735 INFO analysis-default | Historical sum range: 55 to 305; median 176.0
2026-05-07 19:30:25,735 INFO analysis-default | Monte Carlo target combination: 1-58-25-43-26-16
2026-05-07 19:30:25,735 INFO analysis-default | Theoretical exact-match probability: 0.000000024706 (about 1 in 40,475,358)
2026-05-07 19:30:25,735 INFO analysis-default | Simulation hits: 0 of 200,000
2026-05-07 19:30:25,735 INFO analysis-default | Suggested combinations saved: 57
2026-05-07 19:30:25,735 INFO analysis-default | Outputs saved to: /Users/jonasodones/Desktop/src/my_scraper/analysis_outputs
2026-05-07 19:30:25,802 INFO Finished analysis-default exit_code=0 duration=1.12s
2026-05-07 19:30:25,802 INFO Starting analysis-suggestions-5: /Users/jonasodones/Desktop/src/my_scraper/pcso_env/bin/python /Users/jonasodones/Desktop/src/my_scraper/analyze_pcso_results.py --suggestions-per-game 5
2026-05-07 19:30:26,626 INFO analysis-suggestions-5 | Loaded 32088 total rows across 19 games.
2026-05-07 19:30:26,626 INFO analysis-suggestions-5 | Analyzed 32058 valid draws across 19 games.
2026-05-07 19:30:26,626 INFO analysis-suggestions-5 | Skipped 30 rows with no parseable combination numbers.
2026-05-07 19:30:26,627 INFO analysis-suggestions-5 | Selected game: Ultra Lotto 6/58 (1482 historical draws)
2026-05-07 19:30:26,627 INFO analysis-suggestions-5 | Most common odd/even pattern: 3 odd / 3 even (520 draws)
2026-05-07 19:30:26,627 INFO analysis-suggestions-5 | Historical sum range: 55 to 305; median 176.0
2026-05-07 19:30:26,627 INFO analysis-suggestions-5 | Monte Carlo target combination: 1-58-25-43-26-16
2026-05-07 19:30:26,627 INFO analysis-suggestions-5 | Theoretical exact-match probability: 0.000000024706 (about 1 in 40,475,358)
2026-05-07 19:30:26,627 INFO analysis-suggestions-5 | Simulation hits: 0 of 200,000
2026-05-07 19:30:26,627 INFO analysis-suggestions-5 | Suggested combinations saved: 95
2026-05-07 19:30:26,627 INFO analysis-suggestions-5 | Outputs saved to: /Users/jonasodones/Desktop/src/my_scraper/analysis_outputs
2026-05-07 19:30:26,685 INFO Finished analysis-suggestions-5 exit_code=0 duration=0.88s
2026-05-07 19:30:26,686 INFO Pipeline completed successfully
2026-05-07 20:06:00,279 INFO Pipeline requested project_root=/Users/jonasodones/Desktop/src/my_scraper
2026-05-07 20:06:00,279 INFO Waiting for exclusive pipeline lock: /Users/jonasodones/Desktop/src/my_scraper/.pipeline.lock
2026-05-07 20:06:00,279 INFO Acquired exclusive pipeline lock
2026-05-07 20:06:00,279 INFO Starting synchronize: true
2026-05-07 20:06:00,285 INFO Finished synchronize exit_code=0 duration=0.01s
2026-05-07 20:06:00,285 INFO Cleaning stale output: /Users/jonasodones/Desktop/src/my_scraper/pcso_results.json
2026-05-07 20:06:00,286 INFO Deleting files inside analysis directory: /Users/jonasodones/Desktop/src/my_scraper/analysis_outputs
2026-05-07 20:06:00,287 INFO Starting scraper: /Users/jonasodones/Desktop/src/my_scraper/pcso_env/bin/python pcso_lottery_scraper.py
2026-05-07 20:06:06,658 INFO scraper | Connecting to PCSO as a browser (Stealth Mode)...
2026-05-07 20:06:06,658 INFO scraper | Wait for 2 seconds to mimic human reading time...
2026-05-07 20:06:06,658 INFO scraper | Submitting search request...
2026-05-07 20:06:06,658 INFO scraper | Success! 32088 results saved to /Users/jonasodones/Desktop/src/my_scraper/pcso_results.json
2026-05-07 20:06:06,902 INFO Finished scraper exit_code=0 duration=6.62s
2026-05-07 20:06:06,902 INFO Waiting for stable file: /Users/jonasodones/Desktop/src/my_scraper/pcso_results.json stability_seconds=5.0 timeout=600.0
2026-05-07 20:06:14,922 INFO File is stable: /Users/jonasodones/Desktop/src/my_scraper/pcso_results.json size=5713964
2026-05-07 20:06:14,923 INFO Starting analysis-default: /Users/jonasodones/Desktop/src/my_scraper/pcso_env/bin/python /Users/jonasodones/Desktop/src/my_scraper/analyze_pcso_results.py
2026-05-07 20:06:15,932 INFO analysis-default | Loaded 32088 total rows across 19 games.
2026-05-07 20:06:15,932 INFO analysis-default | Analyzed 32058 valid draws across 19 games.
2026-05-07 20:06:15,932 INFO analysis-default | Skipped 30 rows with no parseable combination numbers.
2026-05-07 20:06:15,932 INFO analysis-default | Selected game: Ultra Lotto 6/58 (1482 historical draws)
2026-05-07 20:06:15,932 INFO analysis-default | Most common odd/even pattern: 3 odd / 3 even (520 draws)
2026-05-07 20:06:15,932 INFO analysis-default | Historical sum range: 55 to 305; median 176.0
2026-05-07 20:06:15,932 INFO analysis-default | Monte Carlo target combination: 1-58-25-43-26-16
2026-05-07 20:06:15,932 INFO analysis-default | Theoretical exact-match probability: 0.000000024706 (about 1 in 40,475,358)
2026-05-07 20:06:15,932 INFO analysis-default | Simulation hits: 0 of 200,000
2026-05-07 20:06:15,932 INFO analysis-default | Suggested combinations saved: 57
2026-05-07 20:06:15,932 INFO analysis-default | Outputs saved to: /Users/jonasodones/Desktop/src/my_scraper/analysis_outputs
2026-05-07 20:06:15,994 INFO Finished analysis-default exit_code=0 duration=1.07s
2026-05-07 20:06:15,994 INFO Starting analysis-suggestions-5: /Users/jonasodones/Desktop/src/my_scraper/pcso_env/bin/python /Users/jonasodones/Desktop/src/my_scraper/analyze_pcso_results.py --suggestions-per-game 5
2026-05-07 20:06:16,799 INFO analysis-suggestions-5 | Loaded 32088 total rows across 19 games.
2026-05-07 20:06:16,799 INFO analysis-suggestions-5 | Analyzed 32058 valid draws across 19 games.
2026-05-07 20:06:16,799 INFO analysis-suggestions-5 | Skipped 30 rows with no parseable combination numbers.
2026-05-07 20:06:16,799 INFO analysis-suggestions-5 | Selected game: Ultra Lotto 6/58 (1482 historical draws)
2026-05-07 20:06:16,799 INFO analysis-suggestions-5 | Most common odd/even pattern: 3 odd / 3 even (520 draws)
2026-05-07 20:06:16,799 INFO analysis-suggestions-5 | Historical sum range: 55 to 305; median 176.0
2026-05-07 20:06:16,799 INFO analysis-suggestions-5 | Monte Carlo target combination: 1-58-25-43-26-16
2026-05-07 20:06:16,799 INFO analysis-suggestions-5 | Theoretical exact-match probability: 0.000000024706 (about 1 in 40,475,358)
2026-05-07 20:06:16,799 INFO analysis-suggestions-5 | Simulation hits: 0 of 200,000
2026-05-07 20:06:16,799 INFO analysis-suggestions-5 | Suggested combinations saved: 95
2026-05-07 20:06:16,799 INFO analysis-suggestions-5 | Outputs saved to: /Users/jonasodones/Desktop/src/my_scraper/analysis_outputs
2026-05-07 20:06:16,856 INFO Finished analysis-suggestions-5 exit_code=0 duration=0.86s
2026-05-07 20:06:16,856 INFO Pipeline completed successfully
2026-05-08 13:25:55,016 INFO Pipeline requested project_root=/Users/jonasodones/Desktop/src/my_scraper
2026-05-08 13:25:55,016 INFO Waiting for exclusive pipeline lock: /Users/jonasodones/Desktop/src/my_scraper/.pipeline.lock
2026-05-08 13:25:55,016 INFO Acquired exclusive pipeline lock
2026-05-08 13:25:55,016 INFO Starting synchronize: true
2026-05-08 13:25:55,019 INFO Finished synchronize exit_code=0 duration=0.00s
2026-05-08 13:25:55,019 INFO Cleaning stale output: /Users/jonasodones/Desktop/src/my_scraper/pcso_results.json
2026-05-08 13:25:55,020 INFO Deleting files inside analysis directory: /Users/jonasodones/Desktop/src/my_scraper/analysis_outputs
2026-05-08 13:25:55,021 INFO Starting scraper: /Users/jonasodones/Desktop/src/my_scraper/pcso_env/bin/python pcso_lottery_scraper.py
2026-05-08 13:26:01,833 INFO scraper | Connecting to PCSO as a browser (Stealth Mode)...
2026-05-08 13:26:01,834 INFO scraper | Wait for 2 seconds to mimic human reading time...
2026-05-08 13:26:01,834 INFO scraper | Submitting search request...
2026-05-08 13:26:01,834 INFO scraper | Success! 32097 results saved to /Users/jonasodones/Desktop/src/my_scraper/pcso_results.json
2026-05-08 13:26:02,103 INFO Finished scraper exit_code=0 duration=7.08s
2026-05-08 13:26:02,103 INFO Waiting for stable file: /Users/jonasodones/Desktop/src/my_scraper/pcso_results.json stability_seconds=5.0 timeout=600.0
2026-05-08 13:26:10,116 INFO File is stable: /Users/jonasodones/Desktop/src/my_scraper/pcso_results.json size=5715556
2026-05-08 13:26:10,117 INFO Starting analysis-default: /Users/jonasodones/Desktop/src/my_scraper/pcso_env/bin/python /Users/jonasodones/Desktop/src/my_scraper/analyze_pcso_results.py
2026-05-08 13:26:11,142 INFO analysis-default | Loaded 32097 total rows across 19 games.
2026-05-08 13:26:11,142 INFO analysis-default | Analyzed 32067 valid draws across 19 games.
2026-05-08 13:26:11,142 INFO analysis-default | Skipped 30 rows with no parseable combination numbers.
2026-05-08 13:26:11,142 INFO analysis-default | Selected game: Ultra Lotto 6/58 (1482 historical draws)
2026-05-08 13:26:11,142 INFO analysis-default | Most common odd/even pattern: 3 odd / 3 even (520 draws)
2026-05-08 13:26:11,142 INFO analysis-default | Historical sum range: 55 to 305; median 176.0
2026-05-08 13:26:11,142 INFO analysis-default | Monte Carlo target combination: 1-58-25-43-26-16
2026-05-08 13:26:11,142 INFO analysis-default | Theoretical exact-match probability: 0.000000024706 (about 1 in 40,475,358)
2026-05-08 13:26:11,142 INFO analysis-default | Simulation hits: 0 of 200,000
2026-05-08 13:26:11,142 INFO analysis-default | Suggested combinations saved: 57
2026-05-08 13:26:11,142 INFO analysis-default | Outputs saved to: /Users/jonasodones/Desktop/src/my_scraper/analysis_outputs
2026-05-08 13:26:11,204 INFO Finished analysis-default exit_code=0 duration=1.09s
2026-05-08 13:26:11,204 INFO Starting analysis-suggestions-5: /Users/jonasodones/Desktop/src/my_scraper/pcso_env/bin/python /Users/jonasodones/Desktop/src/my_scraper/analyze_pcso_results.py --suggestions-per-game 5
2026-05-08 13:26:12,017 INFO analysis-suggestions-5 | Loaded 32097 total rows across 19 games.
2026-05-08 13:26:12,017 INFO analysis-suggestions-5 | Analyzed 32067 valid draws across 19 games.
2026-05-08 13:26:12,017 INFO analysis-suggestions-5 | Skipped 30 rows with no parseable combination numbers.
2026-05-08 13:26:12,017 INFO analysis-suggestions-5 | Selected game: Ultra Lotto 6/58 (1482 historical draws)
2026-05-08 13:26:12,017 INFO analysis-suggestions-5 | Most common odd/even pattern: 3 odd / 3 even (520 draws)
2026-05-08 13:26:12,017 INFO analysis-suggestions-5 | Historical sum range: 55 to 305; median 176.0
2026-05-08 13:26:12,017 INFO analysis-suggestions-5 | Monte Carlo target combination: 1-58-25-43-26-16
2026-05-08 13:26:12,017 INFO analysis-suggestions-5 | Theoretical exact-match probability: 0.000000024706 (about 1 in 40,475,358)
2026-05-08 13:26:12,017 INFO analysis-suggestions-5 | Simulation hits: 0 of 200,000
2026-05-08 13:26:12,017 INFO analysis-suggestions-5 | Suggested combinations saved: 95
2026-05-08 13:26:12,017 INFO analysis-suggestions-5 | Outputs saved to: /Users/jonasodones/Desktop/src/my_scraper/analysis_outputs
2026-05-08 13:26:12,075 INFO Finished analysis-suggestions-5 exit_code=0 duration=0.87s
2026-05-08 13:26:12,075 INFO Pipeline completed successfully
2026-05-09 04:45:50,547 INFO Pipeline requested project_root=/Users/jonasodones/Desktop/src/my_scraper
2026-05-09 04:45:50,547 INFO Waiting for exclusive pipeline lock: /Users/jonasodones/Desktop/src/my_scraper/.pipeline.lock
2026-05-09 04:45:50,547 INFO Acquired exclusive pipeline lock
2026-05-09 04:45:50,547 INFO Starting synchronize: true
2026-05-09 04:45:50,550 INFO Finished synchronize exit_code=0 duration=0.00s
2026-05-09 04:45:50,550 INFO Cleaning stale output: /Users/jonasodones/Desktop/src/my_scraper/pcso_results.json
2026-05-09 04:45:50,550 INFO Deleting files inside analysis directory: /Users/jonasodones/Desktop/src/my_scraper/analysis_outputs
2026-05-09 04:45:50,551 INFO Starting scraper: /Users/jonasodones/Desktop/src/my_scraper/pcso_env/bin/python pcso_lottery_scraper.py
2026-05-09 04:45:55,965 INFO scraper | Connecting to PCSO as a browser (Stealth Mode)...
2026-05-09 04:45:55,965 INFO scraper | Wait for 2 seconds to mimic human reading time...
2026-05-09 04:45:55,965 INFO scraper | Submitting search request...
2026-05-09 04:45:55,965 INFO scraper | Success! 32106 results saved to /Users/jonasodones/Desktop/src/my_scraper/pcso_results.json
2026-05-09 04:45:56,210 INFO Finished scraper exit_code=0 duration=5.66s
2026-05-09 04:45:56,210 INFO Waiting for stable file: /Users/jonasodones/Desktop/src/my_scraper/pcso_results.json stability_seconds=5.0 timeout=600.0
2026-05-09 04:46:04,226 INFO File is stable: /Users/jonasodones/Desktop/src/my_scraper/pcso_results.json size=5717146
2026-05-09 04:46:04,226 INFO Starting analysis-default: /Users/jonasodones/Desktop/src/my_scraper/pcso_env/bin/python /Users/jonasodones/Desktop/src/my_scraper/analyze_pcso_results.py
2026-05-09 04:46:05,273 INFO analysis-default | Loaded 32106 total rows across 19 games.
2026-05-09 04:46:05,273 INFO analysis-default | Analyzed 32076 valid draws across 19 games.
2026-05-09 04:46:05,273 INFO analysis-default | Skipped 30 rows with no parseable combination numbers.
2026-05-09 04:46:05,273 INFO analysis-default | Selected game: Ultra Lotto 6/58 (1483 historical draws)
2026-05-09 04:46:05,273 INFO analysis-default | Most common odd/even pattern: 3 odd / 3 even (520 draws)
2026-05-09 04:46:05,273 INFO analysis-default | Historical sum range: 55 to 305; median 176.0
2026-05-09 04:46:05,273 INFO analysis-default | Monte Carlo target combination: 35-20-54-51-8-2
2026-05-09 04:46:05,273 INFO analysis-default | Theoretical exact-match probability: 0.000000024706 (about 1 in 40,475,358)
2026-05-09 04:46:05,273 INFO analysis-default | Simulation hits: 0 of 200,000
2026-05-09 04:46:05,273 INFO analysis-default | Suggested combinations saved: 57
2026-05-09 04:46:05,273 INFO analysis-default | Outputs saved to: /Users/jonasodones/Desktop/src/my_scraper/analysis_outputs
2026-05-09 04:46:05,334 INFO Finished analysis-default exit_code=0 duration=1.11s
2026-05-09 04:46:05,334 INFO Starting analysis-suggestions-5: /Users/jonasodones/Desktop/src/my_scraper/pcso_env/bin/python /Users/jonasodones/Desktop/src/my_scraper/analyze_pcso_results.py --suggestions-per-game 5
2026-05-09 04:46:06,151 INFO analysis-suggestions-5 | Loaded 32106 total rows across 19 games.
2026-05-09 04:46:06,151 INFO analysis-suggestions-5 | Analyzed 32076 valid draws across 19 games.
2026-05-09 04:46:06,151 INFO analysis-suggestions-5 | Skipped 30 rows with no parseable combination numbers.
2026-05-09 04:46:06,151 INFO analysis-suggestions-5 | Selected game: Ultra Lotto 6/58 (1483 historical draws)
2026-05-09 04:46:06,151 INFO analysis-suggestions-5 | Most common odd/even pattern: 3 odd / 3 even (520 draws)
2026-05-09 04:46:06,151 INFO analysis-suggestions-5 | Historical sum range: 55 to 305; median 176.0
2026-05-09 04:46:06,151 INFO analysis-suggestions-5 | Monte Carlo target combination: 35-20-54-51-8-2
2026-05-09 04:46:06,151 INFO analysis-suggestions-5 | Theoretical exact-match probability: 0.000000024706 (about 1 in 40,475,358)
2026-05-09 04:46:06,151 INFO analysis-suggestions-5 | Simulation hits: 0 of 200,000
2026-05-09 04:46:06,151 INFO analysis-suggestions-5 | Suggested combinations saved: 95
2026-05-09 04:46:06,151 INFO analysis-suggestions-5 | Outputs saved to: /Users/jonasodones/Desktop/src/my_scraper/analysis_outputs
2026-05-09 04:46:06,209 INFO Finished analysis-suggestions-5 exit_code=0 duration=0.88s
2026-05-09 04:46:06,209 INFO Pipeline completed successfully
2026-05-18 15:04:14,966 INFO Pipeline requested project_root=/Users/jonasodones/Desktop/src/my_scraper
2026-05-18 15:04:14,966 INFO Waiting for exclusive pipeline lock: /Users/jonasodones/Desktop/src/my_scraper/.pipeline.lock
2026-05-18 15:04:14,966 INFO Acquired exclusive pipeline lock
2026-05-18 15:04:14,966 INFO Starting synchronize: true
2026-05-18 15:04:14,969 INFO Finished synchronize exit_code=0 duration=0.00s
2026-05-18 15:04:14,969 INFO Cleaning stale output: /Users/jonasodones/Desktop/src/my_scraper/pcso_results.json
2026-05-18 15:04:14,970 INFO Deleting files inside analysis directory: /Users/jonasodones/Desktop/src/my_scraper/analysis_outputs
2026-05-18 15:04:14,971 INFO Starting scraper: /Users/jonasodones/Desktop/src/my_scraper/pcso_env/bin/python pcso_lottery_scraper.py
2026-05-18 15:04:20,989 INFO scraper | Connecting to PCSO as a browser (Stealth Mode)...
2026-05-18 15:04:20,989 INFO scraper | Wait for 2 seconds to mimic human reading time...
2026-05-18 15:04:20,989 INFO scraper | Submitting search request...
2026-05-18 15:04:20,989 INFO scraper | Success! 32186 results saved to /Users/jonasodones/Desktop/src/my_scraper/pcso_results.json
2026-05-18 15:04:21,240 INFO Finished scraper exit_code=0 duration=6.27s
2026-05-18 15:04:21,241 INFO Waiting for stable file: /Users/jonasodones/Desktop/src/my_scraper/pcso_results.json stability_seconds=5.0 timeout=600.0
2026-05-18 15:04:29,257 INFO File is stable: /Users/jonasodones/Desktop/src/my_scraper/pcso_results.json size=5731386
2026-05-18 15:04:29,257 INFO Starting analysis-default: /Users/jonasodones/Desktop/src/my_scraper/pcso_env/bin/python /Users/jonasodones/Desktop/src/my_scraper/analyze_pcso_results.py
2026-05-18 15:04:31,235 INFO analysis-default | Loaded 32186 total rows across 19 games.
2026-05-18 15:04:31,235 INFO analysis-default | Analyzed 32156 valid draws across 19 games.
2026-05-18 15:04:31,235 INFO analysis-default | Skipped 30 rows with no parseable combination numbers.
2026-05-18 15:04:31,235 INFO analysis-default | Selected game: Ultra Lotto 6/58 (1487 historical draws)
2026-05-18 15:04:31,235 INFO analysis-default | Most common odd/even pattern: 3 odd / 3 even (522 draws)
2026-05-18 15:04:31,235 INFO analysis-default | Historical sum range: 55 to 305; median 176.0
2026-05-18 15:04:31,235 INFO analysis-default | Monte Carlo target combination: 39-37-35-45-16-52
2026-05-18 15:04:31,235 INFO analysis-default | Theoretical exact-match probability: 0.000000024706 (about 1 in 40,475,358)
2026-05-18 15:04:31,235 INFO analysis-default | Simulation hits: 0 of 200,000
2026-05-18 15:04:31,235 INFO analysis-default | Suggested combinations saved: 57
2026-05-18 15:04:31,235 INFO analysis-default | Outputs saved to: /Users/jonasodones/Desktop/src/my_scraper/analysis_outputs
2026-05-18 15:04:31,302 INFO Finished analysis-default exit_code=0 duration=2.04s
2026-05-18 15:04:31,302 INFO Starting analysis-suggestions-5: /Users/jonasodones/Desktop/src/my_scraper/pcso_env/bin/python /Users/jonasodones/Desktop/src/my_scraper/analyze_pcso_results.py --suggestions-per-game 5
2026-05-18 15:04:32,129 INFO analysis-suggestions-5 | Loaded 32186 total rows across 19 games.
2026-05-18 15:04:32,129 INFO analysis-suggestions-5 | Analyzed 32156 valid draws across 19 games.
2026-05-18 15:04:32,129 INFO analysis-suggestions-5 | Skipped 30 rows with no parseable combination numbers.
2026-05-18 15:04:32,129 INFO analysis-suggestions-5 | Selected game: Ultra Lotto 6/58 (1487 historical draws)
2026-05-18 15:04:32,129 INFO analysis-suggestions-5 | Most common odd/even pattern: 3 odd / 3 even (522 draws)
2026-05-18 15:04:32,129 INFO analysis-suggestions-5 | Historical sum range: 55 to 305; median 176.0
2026-05-18 15:04:32,129 INFO analysis-suggestions-5 | Monte Carlo target combination: 39-37-35-45-16-52
2026-05-18 15:04:32,129 INFO analysis-suggestions-5 | Theoretical exact-match probability: 0.000000024706 (about 1 in 40,475,358)
2026-05-18 15:04:32,129 INFO analysis-suggestions-5 | Simulation hits: 0 of 200,000
2026-05-18 15:04:32,129 INFO analysis-suggestions-5 | Suggested combinations saved: 95
2026-05-18 15:04:32,129 INFO analysis-suggestions-5 | Outputs saved to: /Users/jonasodones/Desktop/src/my_scraper/analysis_outputs
2026-05-18 15:04:32,188 INFO Finished analysis-suggestions-5 exit_code=0 duration=0.89s
2026-05-18 15:04:32,188 INFO Pipeline completed successfully
2026-05-18 15:06:41,488 INFO Pipeline requested project_root=/Users/jonasodones/Desktop/src/my_scraper
2026-05-18 15:06:41,488 INFO Waiting for exclusive pipeline lock: /Users/jonasodones/Desktop/src/my_scraper/.pipeline.lock
2026-05-18 15:06:41,489 INFO Acquired exclusive pipeline lock
2026-05-18 15:06:41,489 INFO Starting synchronize: true
2026-05-18 15:06:41,492 INFO Finished synchronize exit_code=0 duration=0.00s
2026-05-18 15:06:41,493 INFO Cleaning stale output: /Users/jonasodones/Desktop/src/my_scraper/pcso_results.json
2026-05-18 15:06:41,493 INFO Deleting files inside analysis directory: /Users/jonasodones/Desktop/src/my_scraper/analysis_outputs
2026-05-18 15:06:41,493 INFO Starting scraper: /Users/jonasodones/Desktop/src/my_scraper/pcso_env/bin/python pcso_lottery_scraper.py
2026-05-18 15:06:41,516 INFO scraper |   File "/Users/jonasodones/Desktop/src/my_scraper/pcso_lottery_scraper.py", line 21
2026-05-18 15:06:41,516 INFO scraper |     if _USE_CURL_CFFI:
2026-05-18 15:06:41,516 INFO scraper | IndentationError: unexpected indent
2026-05-18 15:06:41,519 INFO Finished scraper exit_code=1 duration=0.03s
2026-05-18 15:06:41,519 ERROR Pipeline failed: scraper failed with exit code 1
Traceback (most recent call last):
  File "/Users/jonasodones/Desktop/src/my_scraper/./scripts/auto_pipeline.py", line 273, in main
    PcsoPipeline(config).run()
    ~~~~~~~~~~~~~~~~~~~~~~~~^^
  File "/Users/jonasodones/Desktop/src/my_scraper/./scripts/auto_pipeline.py", line 76, in run
    self._run_locked()
    ~~~~~~~~~~~~~~~~^^
  File "/Users/jonasodones/Desktop/src/my_scraper/./scripts/auto_pipeline.py", line 88, in _run_locked
    self.run_command("scraper", self.config.scraper_cmd, shell=True)
    ~~~~~~~~~~~~~~~~^^^^^^^^^^^^^^^^^^^^^^^^^^^^^^^^^^^^^^^^^^^^^^^^
  File "/Users/jonasodones/Desktop/src/my_scraper/./scripts/auto_pipeline.py", line 190, in run_command
    raise PipelineError(f"{label} failed with exit code {exit_code}")
PipelineError: scraper failed with exit code 1
2026-05-18 15:07:10,986 INFO Pipeline requested project_root=/Users/jonasodones/Desktop/src/my_scraper
2026-05-18 15:07:10,986 INFO Waiting for exclusive pipeline lock: /Users/jonasodones/Desktop/src/my_scraper/.pipeline.lock
2026-05-18 15:07:10,986 INFO Acquired exclusive pipeline lock
2026-05-18 15:07:10,986 INFO Starting synchronize: true
2026-05-18 15:07:10,990 INFO Finished synchronize exit_code=0 duration=0.00s
2026-05-18 15:07:10,990 INFO Cleaning stale output: /Users/jonasodones/Desktop/src/my_scraper/pcso_results.json
2026-05-18 15:07:10,990 INFO Deleting files inside analysis directory: /Users/jonasodones/Desktop/src/my_scraper/analysis_outputs
2026-05-18 15:07:10,990 INFO Starting scraper: /Users/jonasodones/Desktop/src/my_scraper/pcso_env/bin/python pcso_lottery_scraper.py
2026-05-18 15:07:11,012 INFO scraper |   File "/Users/jonasodones/Desktop/src/my_scraper/pcso_lottery_scraper.py", line 21
2026-05-18 15:07:11,012 INFO scraper |     if _USE_CURL_CFFI:
2026-05-18 15:07:11,012 INFO scraper | IndentationError: unexpected indent
2026-05-18 15:07:11,015 INFO Finished scraper exit_code=1 duration=0.03s
2026-05-18 15:07:11,016 ERROR Pipeline failed: scraper failed with exit code 1
Traceback (most recent call last):
  File "/Users/jonasodones/Desktop/src/my_scraper/./scripts/auto_pipeline.py", line 273, in main
    PcsoPipeline(config).run()
    ~~~~~~~~~~~~~~~~~~~~~~~~^^
  File "/Users/jonasodones/Desktop/src/my_scraper/./scripts/auto_pipeline.py", line 76, in run
    self._run_locked()
    ~~~~~~~~~~~~~~~~^^
  File "/Users/jonasodones/Desktop/src/my_scraper/./scripts/auto_pipeline.py", line 88, in _run_locked
    self.run_command("scraper", self.config.scraper_cmd, shell=True)
    ~~~~~~~~~~~~~~~~^^^^^^^^^^^^^^^^^^^^^^^^^^^^^^^^^^^^^^^^^^^^^^^^
  File "/Users/jonasodones/Desktop/src/my_scraper/./scripts/auto_pipeline.py", line 190, in run_command
    raise PipelineError(f"{label} failed with exit code {exit_code}")
PipelineError: scraper failed with exit code 1
2026-05-18 15:07:42,682 INFO Pipeline requested project_root=/Users/jonasodones/Desktop/src/my_scraper
2026-05-18 15:07:42,682 INFO Waiting for exclusive pipeline lock: /Users/jonasodones/Desktop/src/my_scraper/.pipeline.lock
2026-05-18 15:07:42,682 INFO Acquired exclusive pipeline lock
2026-05-18 15:07:42,682 INFO Starting synchronize: true
2026-05-18 15:07:42,685 INFO Finished synchronize exit_code=0 duration=0.00s
2026-05-18 15:07:42,686 INFO Cleaning stale output: /Users/jonasodones/Desktop/src/my_scraper/pcso_results.json
2026-05-18 15:07:42,686 INFO Deleting files inside analysis directory: /Users/jonasodones/Desktop/src/my_scraper/analysis_outputs
2026-05-18 15:07:42,686 INFO Starting scraper: /Users/jonasodones/Desktop/src/my_scraper/pcso_env/bin/python pcso_lottery_scraper.py
2026-05-18 15:07:42,708 INFO scraper |   File "/Users/jonasodones/Desktop/src/my_scraper/pcso_lottery_scraper.py", line 21
2026-05-18 15:07:42,708 INFO scraper |     if _USE_CURL_CFFI:
2026-05-18 15:07:42,708 INFO scraper | IndentationError: unexpected indent
2026-05-18 15:07:42,710 INFO Finished scraper exit_code=1 duration=0.02s
2026-05-18 15:07:42,710 ERROR Pipeline failed: scraper failed with exit code 1
Traceback (most recent call last):
  File "/Users/jonasodones/Desktop/src/my_scraper/./scripts/auto_pipeline.py", line 273, in main
    PcsoPipeline(config).run()
    ~~~~~~~~~~~~~~~~~~~~~~~~^^
  File "/Users/jonasodones/Desktop/src/my_scraper/./scripts/auto_pipeline.py", line 76, in run
    self._run_locked()
    ~~~~~~~~~~~~~~~~^^
  File "/Users/jonasodones/Desktop/src/my_scraper/./scripts/auto_pipeline.py", line 88, in _run_locked
    self.run_command("scraper", self.config.scraper_cmd, shell=True)
    ~~~~~~~~~~~~~~~~^^^^^^^^^^^^^^^^^^^^^^^^^^^^^^^^^^^^^^^^^^^^^^^^
  File "/Users/jonasodones/Desktop/src/my_scraper/./scripts/auto_pipeline.py", line 190, in run_command
    raise PipelineError(f"{label} failed with exit code {exit_code}")
PipelineError: scraper failed with exit code 1
2026-05-18 15:10:04,565 INFO Pipeline requested project_root=/Users/jonasodones/Desktop/src/my_scraper
2026-05-18 15:10:04,566 INFO Waiting for exclusive pipeline lock: /Users/jonasodones/Desktop/src/my_scraper/.pipeline.lock
2026-05-18 15:10:04,566 INFO Acquired exclusive pipeline lock
2026-05-18 15:10:04,566 INFO Starting synchronize: true
2026-05-18 15:10:04,569 INFO Finished synchronize exit_code=0 duration=0.00s
2026-05-18 15:10:04,569 INFO Cleaning stale output: /Users/jonasodones/Desktop/src/my_scraper/pcso_results.json
2026-05-18 15:10:04,569 INFO Deleting files inside analysis directory: /Users/jonasodones/Desktop/src/my_scraper/analysis_outputs
2026-05-18 15:10:04,569 INFO Starting scraper: /Users/jonasodones/Desktop/src/my_scraper/pcso_env/bin/python pcso_lottery_scraper.py
2026-05-18 15:10:10,610 INFO scraper | Connecting to PCSO as a browser (Stealth Mode)...
2026-05-18 15:10:10,610 INFO scraper | Wait for 2 seconds to mimic human reading time...
2026-05-18 15:10:10,610 INFO scraper | Submitting search request...
2026-05-18 15:10:10,610 INFO scraper | Success! 32186 results saved to /Users/jonasodones/Desktop/src/my_scraper/pcso_results.json
2026-05-18 15:10:10,882 INFO Finished scraper exit_code=0 duration=6.31s
2026-05-18 15:10:10,882 INFO Waiting for stable file: /Users/jonasodones/Desktop/src/my_scraper/pcso_results.json stability_seconds=5.0 timeout=600.0
2026-05-18 15:10:18,897 INFO File is stable: /Users/jonasodones/Desktop/src/my_scraper/pcso_results.json size=5731386
2026-05-18 15:10:18,898 INFO Starting analysis-default: /Users/jonasodones/Desktop/src/my_scraper/pcso_env/bin/python /Users/jonasodones/Desktop/src/my_scraper/analyze_pcso_results.py
2026-05-18 15:10:19,928 INFO analysis-default | Loaded 32186 total rows across 19 games.
2026-05-18 15:10:19,928 INFO analysis-default | Analyzed 32156 valid draws across 19 games.
2026-05-18 15:10:19,928 INFO analysis-default | Skipped 30 rows with no parseable combination numbers.
2026-05-18 15:10:19,928 INFO analysis-default | Selected game: Ultra Lotto 6/58 (1487 historical draws)
2026-05-18 15:10:19,928 INFO analysis-default | Most common odd/even pattern: 3 odd / 3 even (522 draws)
2026-05-18 15:10:19,928 INFO analysis-default | Historical sum range: 55 to 305; median 176.0
2026-05-18 15:10:19,928 INFO analysis-default | Monte Carlo target combination: 39-37-35-45-16-52
2026-05-18 15:10:19,928 INFO analysis-default | Theoretical exact-match probability: 0.000000024706 (about 1 in 40,475,358)
2026-05-18 15:10:19,928 INFO analysis-default | Simulation hits: 0 of 200,000
2026-05-18 15:10:19,928 INFO analysis-default | Suggested combinations saved: 57
2026-05-18 15:10:19,929 INFO analysis-default | Outputs saved to: /Users/jonasodones/Desktop/src/my_scraper/analysis_outputs
2026-05-18 15:10:19,990 INFO Finished analysis-default exit_code=0 duration=1.09s
2026-05-18 15:10:19,990 INFO Starting analysis-suggestions-5: /Users/jonasodones/Desktop/src/my_scraper/pcso_env/bin/python /Users/jonasodones/Desktop/src/my_scraper/analyze_pcso_results.py --suggestions-per-game 5
2026-05-18 15:10:20,804 INFO analysis-suggestions-5 | Loaded 32186 total rows across 19 games.
2026-05-18 15:10:20,805 INFO analysis-suggestions-5 | Analyzed 32156 valid draws across 19 games.
2026-05-18 15:10:20,805 INFO analysis-suggestions-5 | Skipped 30 rows with no parseable combination numbers.
2026-05-18 15:10:20,805 INFO analysis-suggestions-5 | Selected game: Ultra Lotto 6/58 (1487 historical draws)
2026-05-18 15:10:20,805 INFO analysis-suggestions-5 | Most common odd/even pattern: 3 odd / 3 even (522 draws)
2026-05-18 15:10:20,805 INFO analysis-suggestions-5 | Historical sum range: 55 to 305; median 176.0
2026-05-18 15:10:20,805 INFO analysis-suggestions-5 | Monte Carlo target combination: 39-37-35-45-16-52
2026-05-18 15:10:20,805 INFO analysis-suggestions-5 | Theoretical exact-match probability: 0.000000024706 (about 1 in 40,475,358)
2026-05-18 15:10:20,805 INFO analysis-suggestions-5 | Simulation hits: 0 of 200,000
2026-05-18 15:10:20,805 INFO analysis-suggestions-5 | Suggested combinations saved: 95
2026-05-18 15:10:20,805 INFO analysis-suggestions-5 | Outputs saved to: /Users/jonasodones/Desktop/src/my_scraper/analysis_outputs
2026-05-18 15:10:20,863 INFO Finished analysis-suggestions-5 exit_code=0 duration=0.87s
2026-05-18 15:10:20,863 INFO Pipeline completed successfully
2026-05-18 15:11:05,111 INFO Pipeline requested project_root=/Users/jonasodones/Desktop/src/my_scraper
2026-05-18 15:11:05,111 INFO Waiting for exclusive pipeline lock: /Users/jonasodones/Desktop/src/my_scraper/.pipeline.lock
2026-05-18 15:11:05,111 INFO Acquired exclusive pipeline lock
2026-05-18 15:11:05,111 INFO Starting synchronize: true
2026-05-18 15:11:05,115 INFO Finished synchronize exit_code=0 duration=0.00s
2026-05-18 15:11:05,115 INFO Cleaning stale output: /Users/jonasodones/Desktop/src/my_scraper/pcso_results.json
2026-05-18 15:11:05,115 INFO Deleting files inside analysis directory: /Users/jonasodones/Desktop/src/my_scraper/analysis_outputs
2026-05-18 15:11:05,116 INFO Starting scraper: /Users/jonasodones/Desktop/src/my_scraper/pcso_env/bin/python pcso_lottery_scraper.py
2026-05-18 15:11:11,210 INFO scraper | Connecting to PCSO as a browser (Stealth Mode)...
2026-05-18 15:11:11,210 INFO scraper | Wait for 2 seconds to mimic human reading time...
2026-05-18 15:11:11,210 INFO scraper | Submitting search request...
2026-05-18 15:11:11,210 INFO scraper | Success! 32186 results saved to /Users/jonasodones/Desktop/src/my_scraper/pcso_results.json
2026-05-18 15:11:11,470 INFO Finished scraper exit_code=0 duration=6.35s
2026-05-18 15:11:11,470 INFO Waiting for stable file: /Users/jonasodones/Desktop/src/my_scraper/pcso_results.json stability_seconds=5.0 timeout=600.0
2026-05-18 15:11:19,488 INFO File is stable: /Users/jonasodones/Desktop/src/my_scraper/pcso_results.json size=5731386
2026-05-18 15:11:19,488 INFO Starting analysis-default: /Users/jonasodones/Desktop/src/my_scraper/pcso_env/bin/python /Users/jonasodones/Desktop/src/my_scraper/analyze_pcso_results.py
2026-05-18 15:11:20,485 INFO analysis-default | Loaded 32186 total rows across 19 games.
2026-05-18 15:11:20,486 INFO analysis-default | Analyzed 32156 valid draws across 19 games.
2026-05-18 15:11:20,486 INFO analysis-default | Skipped 30 rows with no parseable combination numbers.
2026-05-18 15:11:20,486 INFO analysis-default | Selected game: Ultra Lotto 6/58 (1487 historical draws)
2026-05-18 15:11:20,486 INFO analysis-default | Most common odd/even pattern: 3 odd / 3 even (522 draws)
2026-05-18 15:11:20,486 INFO analysis-default | Historical sum range: 55 to 305; median 176.0
2026-05-18 15:11:20,486 INFO analysis-default | Monte Carlo target combination: 39-37-35-45-16-52
2026-05-18 15:11:20,486 INFO analysis-default | Theoretical exact-match probability: 0.000000024706 (about 1 in 40,475,358)
2026-05-18 15:11:20,486 INFO analysis-default | Simulation hits: 0 of 200,000
2026-05-18 15:11:20,486 INFO analysis-default | Suggested combinations saved: 57
2026-05-18 15:11:20,486 INFO analysis-default | Outputs saved to: /Users/jonasodones/Desktop/src/my_scraper/analysis_outputs
2026-05-18 15:11:20,545 INFO Finished analysis-default exit_code=0 duration=1.06s
2026-05-18 15:11:20,546 INFO Starting analysis-suggestions-5: /Users/jonasodones/Desktop/src/my_scraper/pcso_env/bin/python /Users/jonasodones/Desktop/src/my_scraper/analyze_pcso_results.py --suggestions-per-game 5
2026-05-18 15:11:21,367 INFO analysis-suggestions-5 | Loaded 32186 total rows across 19 games.
2026-05-18 15:11:21,367 INFO analysis-suggestions-5 | Analyzed 32156 valid draws across 19 games.
2026-05-18 15:11:21,367 INFO analysis-suggestions-5 | Skipped 30 rows with no parseable combination numbers.
2026-05-18 15:11:21,367 INFO analysis-suggestions-5 | Selected game: Ultra Lotto 6/58 (1487 historical draws)
2026-05-18 15:11:21,367 INFO analysis-suggestions-5 | Most common odd/even pattern: 3 odd / 3 even (522 draws)
2026-05-18 15:11:21,367 INFO analysis-suggestions-5 | Historical sum range: 55 to 305; median 176.0
2026-05-18 15:11:21,367 INFO analysis-suggestions-5 | Monte Carlo target combination: 39-37-35-45-16-52
2026-05-18 15:11:21,367 INFO analysis-suggestions-5 | Theoretical exact-match probability: 0.000000024706 (about 1 in 40,475,358)
2026-05-18 15:11:21,367 INFO analysis-suggestions-5 | Simulation hits: 0 of 200,000
2026-05-18 15:11:21,367 INFO analysis-suggestions-5 | Suggested combinations saved: 95
2026-05-18 15:11:21,367 INFO analysis-suggestions-5 | Outputs saved to: /Users/jonasodones/Desktop/src/my_scraper/analysis_outputs
2026-05-18 15:11:21,426 INFO Finished analysis-suggestions-5 exit_code=0 duration=0.88s
2026-05-18 15:11:21,426 INFO Pipeline completed successfully
2026-05-24 03:26:52,584 INFO Pipeline requested project_root=/Users/jonasodones/Desktop/src/my_scraper
2026-05-24 03:26:52,586 INFO Waiting for exclusive pipeline lock: /Users/jonasodones/Desktop/src/my_scraper/.pipeline.lock
2026-05-24 03:26:52,586 INFO Acquired exclusive pipeline lock
2026-05-24 03:26:52,586 INFO Starting synchronize: true
2026-05-24 03:26:52,590 INFO Finished synchronize exit_code=0 duration=0.00s
2026-05-24 03:26:52,590 INFO Cleaning stale output: /Users/jonasodones/Desktop/src/my_scraper/pcso_results.json
2026-05-24 03:26:52,591 INFO Deleting files inside analysis directory: /Users/jonasodones/Desktop/src/my_scraper/analysis_outputs
2026-05-24 03:26:52,592 INFO Starting scraper: /Users/jonasodones/Desktop/src/my_scraper/pcso_env/bin/python pcso_lottery_scraper.py
2026-05-24 03:26:57,217 INFO scraper | Connecting to PCSO as a browser (Stealth Mode)...
2026-05-24 03:26:57,217 INFO scraper | Wait for 2 seconds to mimic human reading time...
2026-05-24 03:26:57,217 INFO scraper | Submitting search request...
2026-05-24 03:26:57,217 INFO scraper | Success! 19344 results saved to /Users/jonasodones/Desktop/src/my_scraper/pcso_results.json
2026-05-24 03:26:57,405 INFO Finished scraper exit_code=0 duration=4.81s
2026-05-24 03:26:57,405 INFO Waiting for stable file: /Users/jonasodones/Desktop/src/my_scraper/pcso_results.json stability_seconds=5.0 timeout=600.0
2026-05-24 03:27:05,422 INFO File is stable: /Users/jonasodones/Desktop/src/my_scraper/pcso_results.json size=3444740
2026-05-24 03:27:05,422 INFO Starting analysis-default: /Users/jonasodones/Desktop/src/my_scraper/pcso_env/bin/python /Users/jonasodones/Desktop/src/my_scraper/analyze_pcso_results.py
2026-05-24 03:27:07,412 INFO analysis-default | Loaded 19344 total rows across 13 games.
2026-05-24 03:27:07,412 INFO analysis-default | Analyzed 19314 valid draws across 13 games.
2026-05-24 03:27:07,412 INFO analysis-default | Skipped 30 rows with no parseable combination numbers.
2026-05-24 03:27:07,412 INFO analysis-default | Selected game: Ultra Lotto 6/58 (932 historical draws)
2026-05-24 03:27:07,412 INFO analysis-default | Most common odd/even pattern: 3 odd / 3 even (312 draws)
2026-05-24 03:27:07,412 INFO analysis-default | Historical sum range: 55 to 305; median 177.0
2026-05-24 03:27:07,412 INFO analysis-default | Monte Carlo target combination: 45-20-16-33-40-28
2026-05-24 03:27:07,412 INFO analysis-default | Theoretical exact-match probability: 0.000000024706 (about 1 in 40,475,358)
2026-05-24 03:27:07,412 INFO analysis-default | Simulation hits: 0 of 200,000
2026-05-24 03:27:07,412 INFO analysis-default | Suggested combinations saved: 39
2026-05-24 03:27:07,412 INFO analysis-default | Outputs saved to: /Users/jonasodones/Desktop/src/my_scraper/analysis_outputs
2026-05-24 03:27:07,475 INFO Finished analysis-default exit_code=0 duration=2.05s
2026-05-24 03:27:07,475 INFO Starting analysis-suggestions-5: /Users/jonasodones/Desktop/src/my_scraper/pcso_env/bin/python /Users/jonasodones/Desktop/src/my_scraper/analyze_pcso_results.py --suggestions-per-game 5
2026-05-24 03:27:08,248 INFO analysis-suggestions-5 | Loaded 19344 total rows across 13 games.
2026-05-24 03:27:08,248 INFO analysis-suggestions-5 | Analyzed 19314 valid draws across 13 games.
2026-05-24 03:27:08,248 INFO analysis-suggestions-5 | Skipped 30 rows with no parseable combination numbers.
2026-05-24 03:27:08,248 INFO analysis-suggestions-5 | Selected game: Ultra Lotto 6/58 (932 historical draws)
2026-05-24 03:27:08,248 INFO analysis-suggestions-5 | Most common odd/even pattern: 3 odd / 3 even (312 draws)
2026-05-24 03:27:08,248 INFO analysis-suggestions-5 | Historical sum range: 55 to 305; median 177.0
2026-05-24 03:27:08,248 INFO analysis-suggestions-5 | Monte Carlo target combination: 45-20-16-33-40-28
2026-05-24 03:27:08,248 INFO analysis-suggestions-5 | Theoretical exact-match probability: 0.000000024706 (about 1 in 40,475,358)
2026-05-24 03:27:08,248 INFO analysis-suggestions-5 | Simulation hits: 0 of 200,000
2026-05-24 03:27:08,248 INFO analysis-suggestions-5 | Suggested combinations saved: 65
2026-05-24 03:27:08,248 INFO analysis-suggestions-5 | Outputs saved to: /Users/jonasodones/Desktop/src/my_scraper/analysis_outputs
2026-05-24 03:27:08,308 INFO Finished analysis-suggestions-5 exit_code=0 duration=0.83s
2026-05-24 03:27:08,308 INFO Pipeline completed successfully
2026-05-24 03:27:32,325 INFO Pipeline requested project_root=/Users/jonasodones/Desktop/src/my_scraper
2026-05-24 03:27:32,325 INFO Waiting for exclusive pipeline lock: /Users/jonasodones/Desktop/src/my_scraper/.pipeline.lock
2026-05-24 03:27:32,325 INFO Acquired exclusive pipeline lock
2026-05-24 03:27:32,325 INFO Starting synchronize: true
2026-05-24 03:27:32,329 INFO Finished synchronize exit_code=0 duration=0.00s
2026-05-24 03:27:32,329 INFO Cleaning stale output: /Users/jonasodones/Desktop/src/my_scraper/pcso_results.json
2026-05-24 03:27:32,329 INFO Deleting files inside analysis directory: /Users/jonasodones/Desktop/src/my_scraper/analysis_outputs
2026-05-24 03:27:32,329 INFO Starting scraper: /Users/jonasodones/Desktop/src/my_scraper/pcso_env/bin/python pcso_lottery_scraper.py
2026-05-24 03:27:36,637 INFO scraper | Connecting to PCSO as a browser (Stealth Mode)...
2026-05-24 03:27:36,637 INFO scraper | Wait for 2 seconds to mimic human reading time...
2026-05-24 03:27:36,637 INFO scraper | Submitting search request...
2026-05-24 03:27:36,637 INFO scraper | Success! 19344 results saved to /Users/jonasodones/Desktop/src/my_scraper/pcso_results.json
2026-05-24 03:27:36,827 INFO Finished scraper exit_code=0 duration=4.50s
2026-05-24 03:27:36,827 INFO Waiting for stable file: /Users/jonasodones/Desktop/src/my_scraper/pcso_results.json stability_seconds=5.0 timeout=600.0
2026-05-24 03:27:44,842 INFO File is stable: /Users/jonasodones/Desktop/src/my_scraper/pcso_results.json size=3444740
2026-05-24 03:27:44,843 INFO Starting analysis-default: /Users/jonasodones/Desktop/src/my_scraper/pcso_env/bin/python /Users/jonasodones/Desktop/src/my_scraper/analyze_pcso_results.py
2026-05-24 03:27:45,672 INFO analysis-default | Loaded 19344 total rows across 13 games.
2026-05-24 03:27:45,672 INFO analysis-default | Analyzed 19314 valid draws across 13 games.
2026-05-24 03:27:45,672 INFO analysis-default | Skipped 30 rows with no parseable combination numbers.
2026-05-24 03:27:45,672 INFO analysis-default | Selected game: Ultra Lotto 6/58 (932 historical draws)
2026-05-24 03:27:45,672 INFO analysis-default | Most common odd/even pattern: 3 odd / 3 even (312 draws)
2026-05-24 03:27:45,672 INFO analysis-default | Historical sum range: 55 to 305; median 177.0
2026-05-24 03:27:45,672 INFO analysis-default | Monte Carlo target combination: 45-20-16-33-40-28
2026-05-24 03:27:45,672 INFO analysis-default | Theoretical exact-match probability: 0.000000024706 (about 1 in 40,475,358)
2026-05-24 03:27:45,672 INFO analysis-default | Simulation hits: 0 of 200,000
2026-05-24 03:27:45,672 INFO analysis-default | Suggested combinations saved: 39
2026-05-24 03:27:45,672 INFO analysis-default | Outputs saved to: /Users/jonasodones/Desktop/src/my_scraper/analysis_outputs
2026-05-24 03:27:45,735 INFO Finished analysis-default exit_code=0 duration=0.89s
2026-05-24 03:27:45,735 INFO Starting analysis-suggestions-5: /Users/jonasodones/Desktop/src/my_scraper/pcso_env/bin/python /Users/jonasodones/Desktop/src/my_scraper/analyze_pcso_results.py --suggestions-per-game 5
2026-05-24 03:27:46,534 INFO analysis-suggestions-5 | Loaded 19344 total rows across 13 games.
2026-05-24 03:27:46,534 INFO analysis-suggestions-5 | Analyzed 19314 valid draws across 13 games.
2026-05-24 03:27:46,534 INFO analysis-suggestions-5 | Skipped 30 rows with no parseable combination numbers.
2026-05-24 03:27:46,534 INFO analysis-suggestions-5 | Selected game: Ultra Lotto 6/58 (932 historical draws)
2026-05-24 03:27:46,534 INFO analysis-suggestions-5 | Most common odd/even pattern: 3 odd / 3 even (312 draws)
2026-05-24 03:27:46,534 INFO analysis-suggestions-5 | Historical sum range: 55 to 305; median 177.0
2026-05-24 03:27:46,534 INFO analysis-suggestions-5 | Monte Carlo target combination: 45-20-16-33-40-28
2026-05-24 03:27:46,534 INFO analysis-suggestions-5 | Theoretical exact-match probability: 0.000000024706 (about 1 in 40,475,358)
2026-05-24 03:27:46,534 INFO analysis-suggestions-5 | Simulation hits: 0 of 200,000
2026-05-24 03:27:46,534 INFO analysis-suggestions-5 | Suggested combinations saved: 65
2026-05-24 03:27:46,534 INFO analysis-suggestions-5 | Outputs saved to: /Users/jonasodones/Desktop/src/my_scraper/analysis_outputs
2026-05-24 03:27:46,593 INFO Finished analysis-suggestions-5 exit_code=0 duration=0.86s
2026-05-24 03:27:46,593 INFO Pipeline completed successfully
2026-05-26 09:40:36,649 INFO Pipeline requested project_root=/Users/jonasodones/Desktop/src/my_scraper
2026-05-26 09:40:36,649 INFO Waiting for exclusive pipeline lock: /Users/jonasodones/Desktop/src/my_scraper/.pipeline.lock
2026-05-26 09:40:36,649 INFO Acquired exclusive pipeline lock
2026-05-26 09:40:36,649 INFO Starting synchronize: true
2026-05-26 09:40:36,652 INFO Finished synchronize exit_code=0 duration=0.00s
2026-05-26 09:40:36,652 INFO Cleaning stale output: /Users/jonasodones/Desktop/src/my_scraper/pcso_results.json
2026-05-26 09:40:36,653 INFO Deleting files inside analysis directory: /Users/jonasodones/Desktop/src/my_scraper/analysis_outputs
2026-05-26 09:40:36,653 INFO Watch-only mode: waiting for an external scraper to produce results
2026-05-26 09:40:36,653 INFO Waiting for stable file: /Users/jonasodones/Desktop/src/my_scraper/pcso_results.json stability_seconds=5.0 timeout=60.0
2026-05-26 09:41:36,783 ERROR Pipeline failed: Timed out waiting for stable file: /Users/jonasodones/Desktop/src/my_scraper/pcso_results.json
Traceback (most recent call last):
  File "/Users/jonasodones/Desktop/src/my_scraper/./scripts/auto_pipeline.py", line 273, in main
    PcsoPipeline(config).run()
    ~~~~~~~~~~~~~~~~~~~~~~~~^^
  File "/Users/jonasodones/Desktop/src/my_scraper/./scripts/auto_pipeline.py", line 76, in run
    self._run_locked()
    ~~~~~~~~~~~~~~~~^^
  File "/Users/jonasodones/Desktop/src/my_scraper/./scripts/auto_pipeline.py", line 90, in _run_locked
    self.wait_for_stable_file(self.config.results_file)
    ~~~~~~~~~~~~~~~~~~~~~~~~~^^^^^^^^^^^^^^^^^^^^^^^^^^
  File "/Users/jonasodones/Desktop/src/my_scraper/./scripts/auto_pipeline.py", line 130, in wait_for_stable_file
    raise PipelineError(f"Timed out waiting for stable file: {path}")
PipelineError: Timed out waiting for stable file: /Users/jonasodones/Desktop/src/my_scraper/pcso_results.json
2026-05-26 09:41:48,456 INFO Pipeline requested project_root=/Users/jonasodones/Desktop/src/my_scraper
2026-05-26 09:41:48,456 INFO Waiting for exclusive pipeline lock: /Users/jonasodones/Desktop/src/my_scraper/.pipeline.lock
2026-05-26 09:41:48,456 INFO Acquired exclusive pipeline lock
2026-05-26 09:41:48,456 INFO Starting synchronize: true
2026-05-26 09:41:48,460 INFO Finished synchronize exit_code=0 duration=0.00s
2026-05-26 09:41:48,460 INFO Cleaning stale output: /Users/jonasodones/Desktop/src/my_scraper/pcso_results.json
2026-05-26 09:41:48,460 INFO Deleting files inside analysis directory: /Users/jonasodones/Desktop/src/my_scraper/analysis_outputs
2026-05-26 09:41:48,460 INFO Watch-only mode: waiting for an external scraper to produce results
2026-05-26 09:41:48,460 INFO Waiting for stable file: /Users/jonasodones/Desktop/src/my_scraper/pcso_results.json stability_seconds=5.0 timeout=60.0
2026-05-26 09:43:02,397 INFO Pipeline requested project_root=/Users/jonasodones/Desktop/src/my_scraper
2026-05-26 09:43:02,397 INFO Waiting for exclusive pipeline lock: /Users/jonasodones/Desktop/src/my_scraper/.pipeline.lock
2026-05-26 09:43:02,397 INFO Acquired exclusive pipeline lock
2026-05-26 09:43:02,397 INFO Starting synchronize: true
2026-05-26 09:43:02,401 INFO Finished synchronize exit_code=0 duration=0.00s
2026-05-26 09:43:02,401 INFO Cleaning stale output: /Users/jonasodones/Desktop/src/my_scraper/pcso_results.json
2026-05-26 09:43:02,401 INFO Deleting files inside analysis directory: /Users/jonasodones/Desktop/src/my_scraper/analysis_outputs
2026-05-26 09:43:02,401 INFO Watch-only mode: waiting for an external scraper to produce results
2026-05-26 09:43:02,401 INFO Waiting for stable file: /Users/jonasodones/Desktop/src/my_scraper/pcso_results.json stability_seconds=5.0 timeout=60.0
2026-05-26 09:44:16,549 INFO Pipeline requested project_root=/Users/jonasodones/Desktop/src/my_scraper
2026-05-26 09:44:16,550 INFO Waiting for exclusive pipeline lock: /Users/jonasodones/Desktop/src/my_scraper/.pipeline.lock
2026-05-26 09:44:16,550 INFO Acquired exclusive pipeline lock
2026-05-26 09:44:16,550 INFO Starting synchronize: true
2026-05-26 09:44:16,553 INFO Finished synchronize exit_code=0 duration=0.00s
2026-05-26 09:44:16,553 INFO Cleaning stale output: /Users/jonasodones/Desktop/src/my_scraper/pcso_results.json
2026-05-26 09:44:16,553 INFO Deleting files inside analysis directory: /Users/jonasodones/Desktop/src/my_scraper/analysis_outputs
2026-05-26 09:44:16,554 INFO Starting scraper: /Users/jonasodones/Desktop/src/my_scraper/pcso_env/bin/python pcso_lottery_scraper.py
2026-05-26 09:44:21,671 INFO scraper | Connecting to PCSO as a browser (Stealth Mode)...
2026-05-26 09:44:21,671 INFO scraper | Wait for 2 seconds to mimic human reading time...
2026-05-26 09:44:21,671 INFO scraper | Submitting search request...
2026-05-26 09:44:21,671 INFO scraper | Success! 19361 results saved to /Users/jonasodones/Desktop/src/my_scraper/pcso_results.json
2026-05-26 09:44:21,878 INFO Finished scraper exit_code=0 duration=5.33s
2026-05-26 09:44:21,878 INFO Waiting for stable file: /Users/jonasodones/Desktop/src/my_scraper/pcso_results.json stability_seconds=5.0 timeout=600.0
2026-05-26 09:44:29,896 INFO File is stable: /Users/jonasodones/Desktop/src/my_scraper/pcso_results.json size=3447767
2026-05-26 09:44:29,897 INFO Starting analysis-default: /Users/jonasodones/Desktop/src/my_scraper/pcso_env/bin/python /Users/jonasodones/Desktop/src/my_scraper/analyze_pcso_results.py
2026-05-26 09:44:30,895 INFO analysis-default | Loaded 19361 total rows across 13 games.
2026-05-26 09:44:30,895 INFO analysis-default | Analyzed 19331 valid draws across 13 games.
2026-05-26 09:44:30,895 INFO analysis-default | Skipped 30 rows with no parseable combination numbers.
2026-05-26 09:44:30,895 INFO analysis-default | Selected game: Ultra Lotto 6/58 (933 historical draws)
2026-05-26 09:44:30,895 INFO analysis-default | Most common odd/even pattern: 3 odd / 3 even (312 draws)
2026-05-26 09:44:30,895 INFO analysis-default | Historical sum range: 55 to 305; median 177.0
2026-05-26 09:44:30,895 INFO analysis-default | Monte Carlo target combination: 50-12-20-57-14-21
2026-05-26 09:44:30,895 INFO analysis-default | Theoretical exact-match probability: 0.000000024706 (about 1 in 40,475,358)
2026-05-26 09:44:30,895 INFO analysis-default | Simulation hits: 0 of 200,000
2026-05-26 09:44:30,895 INFO analysis-default | Suggested combinations saved: 39
2026-05-26 09:44:30,895 INFO analysis-default | Outputs saved to: /Users/jonasodones/Desktop/src/my_scraper/analysis_outputs
2026-05-26 09:44:30,968 INFO Finished analysis-default exit_code=0 duration=1.07s
2026-05-26 09:44:30,968 INFO Starting analysis-suggestions-5: /Users/jonasodones/Desktop/src/my_scraper/pcso_env/bin/python /Users/jonasodones/Desktop/src/my_scraper/analyze_pcso_results.py --suggestions-per-game 5
2026-05-26 09:44:31,765 INFO analysis-suggestions-5 | Loaded 19361 total rows across 13 games.
2026-05-26 09:44:31,766 INFO analysis-suggestions-5 | Analyzed 19331 valid draws across 13 games.
2026-05-26 09:44:31,766 INFO analysis-suggestions-5 | Skipped 30 rows with no parseable combination numbers.
2026-05-26 09:44:31,766 INFO analysis-suggestions-5 | Selected game: Ultra Lotto 6/58 (933 historical draws)
2026-05-26 09:44:31,766 INFO analysis-suggestions-5 | Most common odd/even pattern: 3 odd / 3 even (312 draws)
2026-05-26 09:44:31,766 INFO analysis-suggestions-5 | Historical sum range: 55 to 305; median 177.0
2026-05-26 09:44:31,766 INFO analysis-suggestions-5 | Monte Carlo target combination: 50-12-20-57-14-21
2026-05-26 09:44:31,766 INFO analysis-suggestions-5 | Theoretical exact-match probability: 0.000000024706 (about 1 in 40,475,358)
2026-05-26 09:44:31,766 INFO analysis-suggestions-5 | Simulation hits: 0 of 200,000
2026-05-26 09:44:31,766 INFO analysis-suggestions-5 | Suggested combinations saved: 65
2026-05-26 09:44:31,766 INFO analysis-suggestions-5 | Outputs saved to: /Users/jonasodones/Desktop/src/my_scraper/analysis_outputs
2026-05-26 09:44:31,831 INFO Finished analysis-suggestions-5 exit_code=0 duration=0.86s
2026-05-26 09:44:31,831 INFO Pipeline completed successfully
2026-05-28 05:36:48,175 INFO Pipeline requested project_root=/Users/jonasodones/Desktop/src/my_scraper
2026-05-28 05:36:48,176 INFO Waiting for exclusive pipeline lock: /Users/jonasodones/Desktop/src/my_scraper/.pipeline.lock
2026-05-28 05:36:48,176 INFO Acquired exclusive pipeline lock
2026-05-28 05:36:48,176 INFO Starting synchronize: true
2026-05-28 05:36:48,181 INFO Finished synchronize exit_code=0 duration=0.01s
2026-05-28 05:36:48,181 INFO Cleaning stale output: /Users/jonasodones/Desktop/src/my_scraper/pcso_results.json
2026-05-28 05:36:48,182 INFO Deleting files inside analysis directory: /Users/jonasodones/Desktop/src/my_scraper/analysis_outputs
2026-05-28 05:36:48,183 INFO Starting scraper: /Users/jonasodones/Desktop/src/my_scraper/pcso_env/bin/python pcso_lottery_scraper.py
2026-05-28 05:36:52,979 INFO scraper | Connecting to PCSO as a browser (Stealth Mode)...
2026-05-28 05:36:52,979 INFO scraper | Wait for 2 seconds to mimic human reading time...
2026-05-28 05:36:52,979 INFO scraper | Submitting search request...
2026-05-28 05:36:52,979 INFO scraper | Success! 19380 results saved to /Users/jonasodones/Desktop/src/my_scraper/pcso_results.json
2026-05-28 05:36:53,188 INFO Finished scraper exit_code=0 duration=5.01s
2026-05-28 05:36:53,189 INFO Waiting for stable file: /Users/jonasodones/Desktop/src/my_scraper/pcso_results.json stability_seconds=5.0 timeout=600.0
2026-05-28 05:37:01,206 INFO File is stable: /Users/jonasodones/Desktop/src/my_scraper/pcso_results.json size=3451157
2026-05-28 05:37:01,206 INFO Starting analysis-default: /Users/jonasodones/Desktop/src/my_scraper/pcso_env/bin/python /Users/jonasodones/Desktop/src/my_scraper/analyze_pcso_results.py
2026-05-28 05:37:02,331 INFO analysis-default | Loaded 19380 total rows across 13 games.
2026-05-28 05:37:02,331 INFO analysis-default | Analyzed 19350 valid draws across 13 games.
2026-05-28 05:37:02,331 INFO analysis-default | Skipped 30 rows with no parseable combination numbers.
2026-05-28 05:37:02,331 INFO analysis-default | Selected game: Ultra Lotto 6/58 (934 historical draws)
2026-05-28 05:37:02,331 INFO analysis-default | Most common odd/even pattern: 3 odd / 3 even (312 draws)
2026-05-28 05:37:02,332 INFO analysis-default | Historical sum range: 55 to 305; median 177.0
2026-05-28 05:37:02,332 INFO analysis-default | Monte Carlo target combination: 2-11-12-16-55-46
2026-05-28 05:37:02,332 INFO analysis-default | Theoretical exact-match probability: 0.000000024706 (about 1 in 40,475,358)
2026-05-28 05:37:02,332 INFO analysis-default | Simulation hits: 0 of 200,000
2026-05-28 05:37:02,332 INFO analysis-default | Suggested combinations saved: 39
2026-05-28 05:37:02,332 INFO analysis-default | Outputs saved to: /Users/jonasodones/Desktop/src/my_scraper/analysis_outputs
2026-05-28 05:37:02,412 INFO Finished analysis-default exit_code=0 duration=1.21s
2026-05-28 05:37:02,412 INFO Starting analysis-suggestions-5: /Users/jonasodones/Desktop/src/my_scraper/pcso_env/bin/python /Users/jonasodones/Desktop/src/my_scraper/analyze_pcso_results.py --suggestions-per-game 5
2026-05-28 05:37:03,233 INFO analysis-suggestions-5 | Loaded 19380 total rows across 13 games.
2026-05-28 05:37:03,233 INFO analysis-suggestions-5 | Analyzed 19350 valid draws across 13 games.
2026-05-28 05:37:03,233 INFO analysis-suggestions-5 | Skipped 30 rows with no parseable combination numbers.
2026-05-28 05:37:03,233 INFO analysis-suggestions-5 | Selected game: Ultra Lotto 6/58 (934 historical draws)
2026-05-28 05:37:03,233 INFO analysis-suggestions-5 | Most common odd/even pattern: 3 odd / 3 even (312 draws)
2026-05-28 05:37:03,233 INFO analysis-suggestions-5 | Historical sum range: 55 to 305; median 177.0
2026-05-28 05:37:03,233 INFO analysis-suggestions-5 | Monte Carlo target combination: 2-11-12-16-55-46
2026-05-28 05:37:03,233 INFO analysis-suggestions-5 | Theoretical exact-match probability: 0.000000024706 (about 1 in 40,475,358)
2026-05-28 05:37:03,233 INFO analysis-suggestions-5 | Simulation hits: 0 of 200,000
2026-05-28 05:37:03,233 INFO analysis-suggestions-5 | Suggested combinations saved: 65
2026-05-28 05:37:03,233 INFO analysis-suggestions-5 | Outputs saved to: /Users/jonasodones/Desktop/src/my_scraper/analysis_outputs
2026-05-28 05:37:03,306 INFO Finished analysis-suggestions-5 exit_code=0 duration=0.89s
2026-05-28 05:37:03,306 INFO Pipeline completed successfully
2026-05-29 07:13:45,136 INFO Pipeline requested project_root=/Users/jonasodones/Desktop/src/my_scraper
2026-05-29 07:13:45,136 INFO Waiting for exclusive pipeline lock: /Users/jonasodones/Desktop/src/my_scraper/.pipeline.lock
2026-05-29 07:13:45,136 INFO Acquired exclusive pipeline lock
2026-05-29 07:13:45,136 INFO Starting synchronize: true
2026-05-29 07:13:45,144 INFO Finished synchronize exit_code=0 duration=0.01s
2026-05-29 07:13:45,144 INFO Cleaning stale output: /Users/jonasodones/Desktop/src/my_scraper/pcso_results.json
2026-05-29 07:13:45,144 INFO Deleting files inside analysis directory: /Users/jonasodones/Desktop/src/my_scraper/analysis_outputs
2026-05-29 07:13:45,146 INFO Starting scraper: /Users/jonasodones/Desktop/src/my_scraper/pcso_env/bin/python pcso_lottery_scraper.py
2026-05-29 07:13:51,634 INFO scraper | Connecting to PCSO as a browser (Stealth Mode)...
2026-05-29 07:13:51,634 INFO scraper | Wait for 2 seconds to mimic human reading time...
2026-05-29 07:13:51,634 INFO scraper | Submitting search request...
2026-05-29 07:13:51,634 INFO scraper | Success! 19389 results saved to /Users/jonasodones/Desktop/src/my_scraper/pcso_results.json
2026-05-29 07:13:51,832 INFO Finished scraper exit_code=0 duration=6.69s
2026-05-29 07:13:51,832 INFO Waiting for stable file: /Users/jonasodones/Desktop/src/my_scraper/pcso_results.json stability_seconds=5.0 timeout=600.0
2026-05-29 07:13:59,849 INFO File is stable: /Users/jonasodones/Desktop/src/my_scraper/pcso_results.json size=3452756
2026-05-29 07:13:59,850 INFO Starting analysis-default: /Users/jonasodones/Desktop/src/my_scraper/pcso_env/bin/python /Users/jonasodones/Desktop/src/my_scraper/analyze_pcso_results.py
2026-05-29 07:14:01,868 INFO analysis-default | Loaded 19389 total rows across 13 games.
2026-05-29 07:14:01,868 INFO analysis-default | Analyzed 19359 valid draws across 13 games.
2026-05-29 07:14:01,868 INFO analysis-default | Skipped 30 rows with no parseable combination numbers.
2026-05-29 07:14:01,868 INFO analysis-default | Selected game: Ultra Lotto 6/58 (934 historical draws)
2026-05-29 07:14:01,868 INFO analysis-default | Most common odd/even pattern: 3 odd / 3 even (312 draws)
2026-05-29 07:14:01,868 INFO analysis-default | Historical sum range: 55 to 305; median 177.0
2026-05-29 07:14:01,868 INFO analysis-default | Monte Carlo target combination: 2-11-12-16-55-46
2026-05-29 07:14:01,868 INFO analysis-default | Theoretical exact-match probability: 0.000000024706 (about 1 in 40,475,358)
2026-05-29 07:14:01,868 INFO analysis-default | Simulation hits: 0 of 200,000
2026-05-29 07:14:01,868 INFO analysis-default | Suggested combinations saved: 39
2026-05-29 07:14:01,868 INFO analysis-default | Outputs saved to: /Users/jonasodones/Desktop/src/my_scraper/analysis_outputs
2026-05-29 07:14:01,940 INFO Finished analysis-default exit_code=0 duration=2.09s
2026-05-29 07:14:01,941 INFO Starting analysis-suggestions-5: /Users/jonasodones/Desktop/src/my_scraper/pcso_env/bin/python /Users/jonasodones/Desktop/src/my_scraper/analyze_pcso_results.py --suggestions-per-game 5
2026-05-29 07:14:02,731 INFO analysis-suggestions-5 | Loaded 19389 total rows across 13 games.
2026-05-29 07:14:02,731 INFO analysis-suggestions-5 | Analyzed 19359 valid draws across 13 games.
2026-05-29 07:14:02,731 INFO analysis-suggestions-5 | Skipped 30 rows with no parseable combination numbers.
2026-05-29 07:14:02,731 INFO analysis-suggestions-5 | Selected game: Ultra Lotto 6/58 (934 historical draws)
2026-05-29 07:14:02,731 INFO analysis-suggestions-5 | Most common odd/even pattern: 3 odd / 3 even (312 draws)
2026-05-29 07:14:02,731 INFO analysis-suggestions-5 | Historical sum range: 55 to 305; median 177.0
2026-05-29 07:14:02,731 INFO analysis-suggestions-5 | Monte Carlo target combination: 2-11-12-16-55-46
2026-05-29 07:14:02,732 INFO analysis-suggestions-5 | Theoretical exact-match probability: 0.000000024706 (about 1 in 40,475,358)
2026-05-29 07:14:02,732 INFO analysis-suggestions-5 | Simulation hits: 0 of 200,000
2026-05-29 07:14:02,732 INFO analysis-suggestions-5 | Suggested combinations saved: 65
2026-05-29 07:14:02,732 INFO analysis-suggestions-5 | Outputs saved to: /Users/jonasodones/Desktop/src/my_scraper/analysis_outputs
2026-05-29 07:14:02,796 INFO Finished analysis-suggestions-5 exit_code=0 duration=0.85s
2026-05-29 07:14:02,796 INFO Pipeline completed successfully
