simulations,hits,empirical_probability,theoretical_probability
100000,0,0.0,2.4706390490727716e-08
200000,0,0.0,2.4706390490727716e-08
